fishing_fleet,gear_type,time_start,time_end,geographic_identifier,fishing_mode,species,measurement_type,measurement_unit,source_authority,measurement,measurement_processing_level,measurement_value
AUS,01.1,1975-01-01,1975-12-31,IOTC,UNK,SBF,NC,t,CCSBT,catch,unknown,2667.23704076498
AUS,01.1,1975-01-01,1975-12-31,WCPFC,UNK,SBF,NC,t,CCSBT,catch,unknown,6165.76295923505
AUS,01.1,1976-01-01,1976-12-31,IOTC,UNK,SBF,NC,t,CCSBT,catch,unknown,3037.3046225863
AUS,01.1,1976-01-01,1976-12-31,WCPFC,UNK,SBF,NC,t,CCSBT,catch,unknown,117.724985371562
AUS,01.1,1977-01-01,1977-12-31,IOTC,UNK,SBF,NC,t,CCSBT,catch,unknown,932.203019550546
AUS,01.1,1977-01-01,1977-12-31,WCPFC,UNK,SBF,NC,t,CCSBT,catch,unknown,617.387740903082
AUS,01.1,1978-01-01,1978-12-31,IOTC,UNK,SBF,NC,t,CCSBT,catch,unknown,1562.46069417942
AUS,01.1,1978-01-01,1978-12-31,WCPFC,UNK,SBF,NC,t,CCSBT,catch,unknown,2014.59006828252
AUS,01.1,1979-01-01,1979-12-31,IOTC,UNK,SBF,NC,t,CCSBT,catch,unknown,111.079062580479
AUS,01.1,1979-01-01,1979-12-31,WCPFC,UNK,SBF,NC,t,CCSBT,catch,unknown,1985.53824362606
AUS,01.1,1980-01-01,1980-12-31,IOTC,UNK,SBF,NC,t,CCSBT,catch,unknown,106.749544574746
AUS,01.1,1980-01-01,1980-12-31,WCPFC,UNK,SBF,NC,t,CCSBT,catch,unknown,1929.45818626892
AUS,01.1,1981-01-01,1981-12-31,IOTC,UNK,SBF,NC,t,CCSBT,catch,unknown,419.505573121831
AUS,01.1,1981-01-01,1981-12-31,WCPFC,UNK,SBF,NC,t,CCSBT,catch,unknown,6332.15398067514
AUS,01.1,1982-01-01,1982-12-31,IOTC,UNK,SBF,NC,t,CCSBT,catch,unknown,5489.45183933444
AUS,01.1,1982-01-01,1982-12-31,WCPFC,UNK,SBF,NC,t,CCSBT,catch,unknown,1341.8522033017
AUS,01.1,1983-01-01,1983-12-31,IOTC,UNK,SBF,NC,t,CCSBT,catch,unknown,5082.53618766738
AUS,01.1,1983-01-01,1983-12-31,WCPFC,UNK,SBF,NC,t,CCSBT,catch,unknown,789.903584302293
AUS,01.1,1984-01-01,1984-12-31,IOTC,UNK,SBF,NC,t,CCSBT,catch,unknown,4338.92437438262
AUS,01.1,1984-01-01,1984-12-31,WCPFC,UNK,SBF,NC,t,CCSBT,catch,unknown,105.428918340467
AUS,01.1,1985-01-01,1985-12-31,IOTC,UNK,SBF,NC,t,CCSBT,catch,unknown,5178.93693614452
AUS,01.1,1986-01-01,1986-12-31,IOTC,UNK,SBF,NC,t,CCSBT,catch,unknown,6342.08235137701
AUS,01.1,1986-01-01,1986-12-31,WCPFC,UNK,SBF,NC,t,CCSBT,catch,unknown,34.0246554017973
AUS,01.1,1987-01-01,1987-12-31,IOTC,UNK,SBF,NC,t,CCSBT,catch,unknown,5410.94980922846
AUS,01.1,1988-01-01,1988-12-31,IOTC,UNK,SBF,NC,t,CCSBT,catch,unknown,2819.62619141859
AUS,01.1,1989-01-01,1989-12-31,IOTC,UNK,SBF,NC,t,CCSBT,catch,unknown,1626.03960090064
AUS,01.1,1990-01-01,1990-12-31,IOTC,UNK,SBF,NC,t,CCSBT,catch,unknown,2510.68717716599
AUS,01.1,1991-01-01,1991-12-31,IOTC,UNK,SBF,NC,t,CCSBT,catch,unknown,1033.55784362444
AUS,01.1,1992-01-01,1992-12-31,IOTC,UNK,SBF,NC,t,CCSBT,catch,unknown,22.450318560552
AUS,01.1,1993-01-01,1993-12-31,IOTC,UNK,SBF,NC,t,CCSBT,catch,unknown,536.437273269043
AUS,01.1,1994-01-01,1994-12-31,IOTC,UNK,SBF,NC,t,CCSBT,catch,unknown,1269.41016631461
AUS,01.1,1995-01-01,1995-12-31,IOTC,UNK,SBF,NC,t,CCSBT,catch,unknown,1840.1584610831
AUS,01.1,1996-01-01,1996-12-31,IOTC,UNK,SBF,NC,t,CCSBT,catch,unknown,3098.69114843034
AUS,01.1,1996-01-01,1996-12-31,WCPFC,UNK,SBF,NC,t,CCSBT,catch,unknown,22.4913247329157
AUS,01.1,1997-01-01,1997-12-31,IOTC,UNK,SBF,NC,t,CCSBT,catch,unknown,2991.37964938652
AUS,01.1,1997-01-01,1997-12-31,WCPFC,UNK,SBF,NC,t,CCSBT,catch,unknown,6.96938778852612
AUS,01.1,1998-01-01,1998-12-31,IOTC,UNK,SBF,NC,t,CCSBT,catch,unknown,3555.1334362193
AUS,01.1,1998-01-01,1998-12-31,WCPFC,UNK,SBF,NC,t,CCSBT,catch,unknown,29.0088631441737
AUS,01.1,1999-01-01,1999-12-31,IOTC,UNK,SBF,NC,t,CCSBT,catch,unknown,5324.50287373263
AUS,01.1,2000-01-01,2000-12-31,IOTC,UNK,SBF,NC,t,CCSBT,catch,unknown,5131.599
AUS,01.1,2001-01-01,2001-12-31,IOTC,UNK,SBF,NC,t,CCSBT,catch,unknown,4767.397
AUS,01.1,2002-01-01,2002-12-31,IOTC,UNK,SBF,NC,t,CCSBT,catch,unknown,4683.42928
AUS,01.1,2003-01-01,2003-12-31,IOTC,UNK,SBF,NC,t,CCSBT,catch,unknown,5792.007565792
AUS,01.1,2004-01-01,2004-12-31,IOTC,UNK,SBF,NC,t,CCSBT,catch,unknown,4834.0015518
AUS,01.1,2005-01-01,2005-12-31,IOTC,UNK,SBF,NC,t,CCSBT,catch,unknown,5209.622689999
AUS,01.1,2006-01-01,2006-12-31,IOTC,UNK,SBF,NC,t,CCSBT,catch,unknown,5628.74907
AUS,01.1,2007-01-01,2007-12-31,IOTC,UNK,SBF,NC,t,CCSBT,catch,unknown,4808.88442519311
AUS,01.1,2008-01-01,2008-12-31,IOTC,UNK,SBF,NC,t,CCSBT,catch,unknown,5010.36983498963
AUS,01.1,2009-01-01,2009-12-31,IOTC,UNK,SBF,NC,t,CCSBT,catch,unknown,4881.53633511846
AUS,01.1,2009-01-01,2009-12-31,WCPFC,UNK,SBF,NC,t,CCSBT,catch,unknown,11.3653599886346
AUS,01.1,2010-01-01,2010-12-31,IOTC,UNK,SBF,NC,t,CCSBT,catch,unknown,4039.04335596095
AUS,01.1,2011-01-01,2011-12-31,IOTC,UNK,SBF,NC,t,CCSBT,catch,unknown,4114.13892691686
AUS,01.1,2012-01-01,2012-12-31,IOTC,UNK,SBF,NC,t,CCSBT,catch,unknown,4444.41270008017
AUS,01.1,2013-01-01,2013-12-31,IOTC,UNK,SBF,NC,t,CCSBT,catch,unknown,4561.10912250089
AUS,01.1,2014-01-01,2014-12-31,IOTC,UNK,SBF,NC,t,CCSBT,catch,unknown,4168.08605626565
AUS,01.1,2015-01-01,2015-12-31,IOTC,UNK,SBF,NC,t,CCSBT,catch,unknown,5251.73644949652
AUS,01.1,2016-01-01,2016-12-31,IOTC,UNK,SBF,NC,t,CCSBT,catch,unknown,5222.46446105507
AUS,01.1,2017-01-01,2017-12-31,IOTC,UNK,SBF,NC,t,CCSBT,catch,unknown,4570.30760760207
AUS,01.1,2018-01-01,2018-12-31,IOTC,UNK,SBF,NC,t,CCSBT,catch,unknown,5366.63925645472
AUS,01.1,2019-01-01,2019-12-31,IOTC,UNK,SBF,NC,t,CCSBT,catch,unknown,5388.13633042659
AUS,01.1,2020-01-01,2020-12-31,IOTC,UNK,SBF,NC,t,CCSBT,catch,unknown,3905.47241330916
AUS,01.1,2021-01-01,2021-12-31,IOTC,UNK,SBF,NC,t,CCSBT,catch,unknown,4395.49630908401
AUS,01.1,2022-01-01,2022-12-31,IOTC,UNK,SBF,NC,t,CCSBT,catch,unknown,5249.25703587374
AUS,01.1,2023-01-01,2023-12-31,IOTC,UNK,SBF,NC,t,CCSBT,catch,unknown,4526.11446560224
AUS,01.1,2024-01-01,2024-12-31,IOTC,UNK,SBF,NC,t,CCSBT,catch,unknown,4393.542710939
AUS,07.2,2017-01-01,2017-12-31,IOTC,UNK,SBF,NC,t,CCSBT,catch,unknown,0.03421999989734
AUS,09.1,1976-01-01,1976-12-31,IOTC,UNK,SBF,NC,t,CCSBT,catch,unknown,4402.91445289642
AUS,09.1,1976-01-01,1976-12-31,WCPFC,UNK,SBF,NC,t,CCSBT,catch,unknown,825.055939145698
AUS,09.1,1977-01-01,1977-12-31,IOTC,UNK,SBF,NC,t,CCSBT,catch,unknown,8982.20459194323
AUS,09.1,1977-01-01,1977-12-31,WCPFC,UNK,SBF,NC,t,CCSBT,catch,unknown,2037.20464760314
AUS,09.1,1978-01-01,1978-12-31,IOTC,UNK,SBF,NC,t,CCSBT,catch,unknown,6946.68332991657
AUS,09.1,1978-01-01,1978-12-31,WCPFC,UNK,SBF,NC,t,CCSBT,catch,unknown,1666.26590762146
AUS,09.1,1979-01-01,1979-12-31,IOTC,UNK,SBF,NC,t,CCSBT,catch,unknown,7445.99982831145
AUS,09.1,1979-01-01,1979-12-31,WCPFC,UNK,SBF,NC,t,CCSBT,catch,unknown,1240.38286548201
AUS,09.1,1980-01-01,1980-12-31,IOTC,UNK,SBF,NC,t,CCSBT,catch,unknown,7753.52214505293
AUS,09.1,1980-01-01,1980-12-31,WCPFC,UNK,SBF,NC,t,CCSBT,catch,unknown,1405.27012410338
AUS,09.1,1981-01-01,1981-12-31,IOTC,UNK,SBF,NC,t,CCSBT,catch,unknown,7524.02584303404
AUS,09.1,1981-01-01,1981-12-31,WCPFC,UNK,SBF,NC,t,CCSBT,catch,unknown,2567.31460316899
AUS,09.1,1982-01-01,1982-12-31,IOTC,UNK,SBF,NC,t,CCSBT,catch,unknown,13708.2577668009
AUS,09.1,1982-01-01,1982-12-31,WCPFC,UNK,SBF,NC,t,CCSBT,catch,unknown,961.438190562847
AUS,09.1,1983-01-01,1983-12-31,IOTC,UNK,SBF,NC,t,CCSBT,catch,unknown,11697.9912030916
AUS,09.1,1983-01-01,1983-12-31,WCPFC,UNK,SBF,NC,t,CCSBT,catch,unknown,124.569024938698
AUS,09.1,1984-01-01,1984-12-31,IOTC,UNK,SBF,NC,t,CCSBT,catch,unknown,8960.46448798158
AUS,09.1,1984-01-01,1984-12-31,WCPFC,UNK,SBF,NC,t,CCSBT,catch,unknown,6.18221929535728
AUS,09.1,1985-01-01,1985-12-31,IOTC,UNK,SBF,NC,t,CCSBT,catch,unknown,7409.6440638555
AUS,09.1,1986-01-01,1986-12-31,IOTC,UNK,SBF,NC,t,CCSBT,catch,unknown,6147.34790696072
AUS,09.1,1986-01-01,1986-12-31,WCPFC,UNK,SBF,NC,t,CCSBT,catch,unknown,7.93908626041937
AUS,09.1,1987-01-01,1987-12-31,IOTC,UNK,SBF,NC,t,CCSBT,catch,unknown,5392.83753817113
AUS,09.1,1987-01-01,1987-12-31,WCPFC,UNK,SBF,NC,t,CCSBT,catch,unknown,15.8026526003572
AUS,09.1,1988-01-01,1988-12-31,IOTC,UNK,SBF,NC,t,CCSBT,catch,unknown,7770.26280858141
AUS,09.1,1989-01-01,1989-12-31,IOTC,UNK,SBF,NC,t,CCSBT,catch,unknown,3794.04471066284
AUS,09.1,1989-01-01,1989-12-31,WCPFC,UNK,SBF,NC,t,CCSBT,catch,unknown,12.8766884365206
AUS,09.1,1990-01-01,1990-12-31,IOTC,UNK,SBF,NC,t,CCSBT,catch,unknown,1802.96282283402
AUS,09.1,1991-01-01,1991-12-31,IOTC,UNK,SBF,NC,t,CCSBT,catch,unknown,1822.84515637555
AUS,09.1,1992-01-01,1992-12-31,IOTC,UNK,SBF,NC,t,CCSBT,catch,unknown,1639.31720996983
AUS,09.1,1992-01-01,1992-12-31,WCPFC,UNK,SBF,NC,t,CCSBT,catch,unknown,33.2264714696169
AUS,09.1,1993-01-01,1993-12-31,IOTC,UNK,SBF,NC,t,CCSBT,catch,unknown,1017.73872673095
AUS,09.1,1994-01-01,1994-12-31,IOTC,UNK,SBF,NC,t,CCSBT,catch,unknown,841.277919893123
AUS,09.1,1994-01-01,1994-12-31,WCPFC,UNK,SBF,NC,t,CCSBT,catch,unknown,3.0539137922565
AUS,09.1,1995-01-01,1995-12-31,IOTC,UNK,SBF,NC,t,CCSBT,catch,unknown,794.761538916897
AUS,09.1,1996-01-01,1996-12-31,IOTC,UNK,SBF,NC,t,CCSBT,catch,unknown,1649.17843070692
AUS,09.1,1996-01-01,1996-12-31,WCPFC,UNK,SBF,NC,t,CCSBT,catch,unknown,10.121096129812
AUS,09.1,1997-01-01,1997-12-31,IOTC,UNK,SBF,NC,t,CCSBT,catch,unknown,1826.25387423459
AUS,09.1,1997-01-01,1997-12-31,WCPFC,UNK,SBF,NC,t,CCSBT,catch,unknown,16.3400885903604
AUS,09.1,1998-01-01,1998-12-31,IOTC,UNK,SBF,NC,t,CCSBT,catch,unknown,639.731700636525
AUS,09.1,1999-01-01,1999-12-31,IOTC,UNK,SBF,NC,t,CCSBT,catch,unknown,22.4491262673634
AUS,09.1,2009-01-01,2009-12-31,IOTC,UNK,SBF,NC,t,CCSBT,catch,unknown,2.3265999976734
AUS,09.1,2014-01-01,2014-12-31,IOTC,UNK,SBF,NC,t,CCSBT,catch,unknown,9.53810496184758
AUS,09.1,2015-01-01,2015-12-31,IOTC,UNK,SBF,NC,t,CCSBT,catch,unknown,0.812247998375504
AUS,09.1,2016-01-01,2016-12-31,IOTC,UNK,SBF,NC,t,CCSBT,catch,unknown,1.17383199765233
AUS,09.1,2017-01-01,2017-12-31,IOTC,UNK,SBF,NC,t,CCSBT,catch,unknown,0.789327997632016
AUS,09.1,2018-01-01,2018-12-31,IOTC,UNK,SBF,NC,t,CCSBT,catch,unknown,7.27291198545417
AUS,09.1,2019-01-01,2019-12-31,IOTC,UNK,SBF,NC,t,CCSBT,catch,unknown,2.83480799149557
AUS,09.1,2020-01-01,2020-12-31,IOTC,UNK,SBF,NC,t,CCSBT,catch,unknown,2.10101198739392
AUS,09.1,2021-01-01,2021-12-31,IOTC,UNK,SBF,NC,t,CCSBT,catch,unknown,1.27991599488033
AUS,09.1,2022-01-01,2022-12-31,IOTC,UNK,SBF,NC,t,CCSBT,catch,unknown,1.53440799846559
AUS,09.1,2023-01-01,2023-12-31,WCPFC,UNK,SBF,NC,t,CCSBT,catch,unknown,2.06404959741604
AUS,09.1,2024-01-01,2024-12-31,IOTC,UNK,SBF,NC,t,CCSBT,catch,unknown,1.277696
AUS,09.39,1987-01-01,1987-12-31,IOTC,UNK,SBF,NC,t,CCSBT,catch,unknown,0.78638273295114
AUS,09.39,1987-01-01,1987-12-31,WCPFC,UNK,SBF,NC,t,CCSBT,catch,unknown,0.386617267048857
AUS,09.39,1988-01-01,1988-12-31,IOTC,UNK,SBF,NC,t,CCSBT,catch,unknown,0.258051759676311
AUS,09.39,1988-01-01,1988-12-31,WCPFC,UNK,SBF,NC,t,CCSBT,catch,unknown,0.796948240323689
AUS,09.39,1989-01-01,1989-12-31,IOTC,UNK,SBF,NC,t,CCSBT,catch,unknown,17.6294204358948
AUS,09.39,1989-01-01,1989-12-31,WCPFC,UNK,SBF,NC,t,CCSBT,catch,unknown,667.063579564108
AUS,09.39,1990-01-01,1990-12-31,IOTC,UNK,SBF,NC,t,CCSBT,catch,unknown,21.5790940449369
AUS,09.39,1990-01-01,1990-12-31,WCPFC,UNK,SBF,NC,t,CCSBT,catch,unknown,251.098905955064
AUS,09.39,1991-01-01,1991-12-31,IOTC,UNK,SBF,NC,t,CCSBT,catch,unknown,1019.16241565705
AUS,09.39,1991-01-01,1991-12-31,WCPFC,UNK,SBF,NC,t,CCSBT,catch,unknown,613.078584342944
AUS,09.39,1992-01-01,1992-12-31,IOTC,UNK,SBF,NC,t,CCSBT,catch,unknown,2906.37878242465
AUS,09.39,1992-01-01,1992-12-31,WCPFC,UNK,SBF,NC,t,CCSBT,catch,unknown,646.394217575335
AUS,09.39,1993-01-01,1993-12-31,IOTC,UNK,SBF,NC,t,CCSBT,catch,unknown,2958.38028318389
AUS,09.39,1993-01-01,1993-12-31,WCPFC,UNK,SBF,NC,t,CCSBT,catch,unknown,860.400716816113
AUS,09.39,1994-01-01,1994-12-31,IOTC,UNK,SBF,NC,t,CCSBT,catch,unknown,2135.27092998723
AUS,09.39,1994-01-01,1994-12-31,WCPFC,UNK,SBF,NC,t,CCSBT,catch,unknown,450.727070012759
AUS,09.39,1995-01-01,1995-12-31,IOTC,UNK,SBF,NC,t,CCSBT,catch,unknown,727.318633947787
AUS,09.39,1995-01-01,1995-12-31,WCPFC,UNK,SBF,NC,t,CCSBT,catch,unknown,1145.35436605221
AUS,09.39,1996-01-01,1996-12-31,IOTC,UNK,SBF,NC,t,CCSBT,catch,unknown,145.00768699456
AUS,09.39,1996-01-01,1996-12-31,WCPFC,UNK,SBF,NC,t,CCSBT,catch,unknown,202.997313005438
AUS,09.39,1997-01-01,1997-12-31,IOTC,UNK,SBF,NC,t,CCSBT,catch,unknown,92.3650537843447
AUS,09.39,1997-01-01,1997-12-31,WCPFC,UNK,SBF,NC,t,CCSBT,catch,unknown,382.292946215655
AUS,09.39,1998-01-01,1998-12-31,IOTC,UNK,SBF,NC,t,CCSBT,catch,unknown,158.558039176079
AUS,09.39,1998-01-01,1998-12-31,WCPFC,UNK,SBF,NC,t,CCSBT,catch,unknown,514.191960823918
AUS,09.39,1999-01-01,1999-12-31,IOTC,UNK,SBF,NC,t,CCSBT,catch,unknown,101.431226618608
AUS,09.39,1999-01-01,1999-12-31,WCPFC,UNK,SBF,NC,t,CCSBT,catch,unknown,103.86277338139
AUS,09.39,2000-01-01,2000-12-31,IOTC,UNK,SBF,NC,t,CCSBT,catch,unknown,15.3495019165768
AUS,09.39,2000-01-01,2000-12-31,WCPFC,UNK,SBF,NC,t,CCSBT,catch,unknown,109.844498083423
AUS,09.39,2001-01-01,2001-12-31,IOTC,UNK,SBF,NC,t,CCSBT,catch,unknown,24.8893179293
AUS,09.39,2001-01-01,2001-12-31,WCPFC,UNK,SBF,NC,t,CCSBT,catch,unknown,60.8966820706997
AUS,09.39,2002-01-01,2002-12-31,IOTC,UNK,SBF,NC,t,CCSBT,catch,unknown,9.125786
AUS,09.39,2002-01-01,2002-12-31,WCPFC,UNK,SBF,NC,t,CCSBT,catch,unknown,28.908664
AUS,09.39,2003-01-01,2003-12-31,IOTC,UNK,SBF,NC,t,CCSBT,catch,unknown,21.4533640214533
AUS,09.39,2003-01-01,2003-12-31,WCPFC,UNK,SBF,NC,t,CCSBT,catch,unknown,22.02862201394
AUS,09.39,2004-01-01,2004-12-31,IOTC,UNK,SBF,NC,t,CCSBT,catch,unknown,7.324068
AUS,09.39,2004-01-01,2004-12-31,WCPFC,UNK,SBF,NC,t,CCSBT,catch,unknown,231.410607999
AUS,09.39,2005-01-01,2005-12-31,IOTC,UNK,SBF,NC,t,CCSBT,catch,unknown,0.0948
AUS,09.39,2005-01-01,2005-12-31,WCPFC,UNK,SBF,NC,t,CCSBT,catch,unknown,35.408728
AUS,09.39,2006-01-01,2006-12-31,IOTC,UNK,SBF,NC,t,CCSBT,catch,unknown,0.3766
AUS,09.39,2006-01-01,2006-12-31,WCPFC,UNK,SBF,NC,t,CCSBT,catch,unknown,7.681728
AUS,09.39,2007-01-01,2007-12-31,WCPFC,UNK,SBF,NC,t,CCSBT,catch,unknown,4.23020399576979
AUS,09.39,2008-01-01,2008-12-31,WCPFC,UNK,SBF,NC,t,CCSBT,catch,unknown,22.8455449771544
AUS,09.39,2009-01-01,2009-12-31,IOTC,UNK,SBF,NC,t,CCSBT,catch,unknown,0.3577999996422
AUS,09.39,2009-01-01,2009-12-31,WCPFC,UNK,SBF,NC,t,CCSBT,catch,unknown,212.904543787095
AUS,09.39,2010-01-01,2010-12-31,WCPFC,UNK,SBF,NC,t,CCSBT,catch,unknown,160.806463839193
AUS,09.39,2011-01-01,2011-12-31,WCPFC,UNK,SBF,NC,t,CCSBT,catch,unknown,84.7764319152235
AUS,09.39,2012-01-01,2012-12-31,WCPFC,UNK,SBF,NC,t,CCSBT,catch,unknown,58.1715518836568
AUS,09.39,2013-01-01,2013-12-31,IOTC,UNK,SBF,NC,t,CCSBT,catch,unknown,0.25823999974176
AUS,09.39,2013-01-01,2013-12-31,WCPFC,UNK,SBF,NC,t,CCSBT,catch,unknown,340.580407659419
AUS,09.39,2014-01-01,2014-12-31,IOTC,UNK,SBF,NC,t,CCSBT,catch,unknown,11.807975952768
AUS,09.39,2014-01-01,2014-12-31,WCPFC,UNK,SBF,NC,t,CCSBT,catch,unknown,369.153182524387
AUS,09.39,2015-01-01,2015-12-31,IOTC,UNK,SBF,NC,t,CCSBT,catch,unknown,3.2413460155173
AUS,09.39,2015-01-01,2015-12-31,WCPFC,UNK,SBF,NC,t,CCSBT,catch,unknown,567.812868843374
AUS,09.39,2016-01-01,2016-12-31,IOTC,UNK,SBF,NC,t,CCSBT,catch,unknown,155.182064345635
AUS,09.39,2016-01-01,2016-12-31,WCPFC,UNK,SBF,NC,t,CCSBT,catch,unknown,580.728806182542
AUS,09.39,2017-01-01,2017-12-31,IOTC,UNK,SBF,NC,t,CCSBT,catch,unknown,126.140346321578
AUS,09.39,2017-01-01,2017-12-31,WCPFC,UNK,SBF,NC,t,CCSBT,catch,unknown,522.513851733458
AUS,09.39,2018-01-01,2018-12-31,IOTC,UNK,SBF,NC,t,CCSBT,catch,unknown,0.231695999536608
AUS,09.39,2018-01-01,2018-12-31,WCPFC,UNK,SBF,NC,t,CCSBT,catch,unknown,1026.63974454772
AUS,09.39,2019-01-01,2019-12-31,IOTC,UNK,SBF,NC,t,CCSBT,catch,unknown,5.02798270691605
AUS,09.39,2019-01-01,2019-12-31,WCPFC,UNK,SBF,NC,t,CCSBT,catch,unknown,775.22998895231
AUS,09.39,2020-01-01,2020-12-31,IOTC,UNK,SBF,NC,t,CCSBT,catch,unknown,5.49162297905026
AUS,09.39,2020-01-01,2020-12-31,WCPFC,UNK,SBF,NC,t,CCSBT,catch,unknown,828.174441017953
AUS,09.39,2021-01-01,2021-12-31,IOTC,UNK,SBF,NC,t,CCSBT,catch,unknown,16.9111666403553
AUS,09.39,2021-01-01,2021-12-31,WCPFC,UNK,SBF,NC,t,CCSBT,catch,unknown,1031.73319016406
AUS,09.39,2022-01-01,2022-12-31,IOTC,UNK,SBF,NC,t,CCSBT,catch,unknown,21.0878065949121
AUS,09.39,2022-01-01,2022-12-31,WCPFC,UNK,SBF,NC,t,CCSBT,catch,unknown,979.601717004398
AUS,09.39,2023-01-01,2023-12-31,IOTC,UNK,SBF,NC,t,CCSBT,catch,unknown,16.7245635681118
AUS,09.39,2023-01-01,2023-12-31,WCPFC,UNK,SBF,NC,t,CCSBT,catch,unknown,1291.90781449679
AUS,09.39,2024-01-01,2024-12-31,IOTC,UNK,SBF,NC,t,CCSBT,catch,unknown,154.498994456
AUS,09.39,2024-01-01,2024-12-31,WCPFC,UNK,SBF,NC,t,CCSBT,catch,unknown,1648.826541343
AUS,09.5,2011-01-01,2011-12-31,IOTC,UNK,SBF,NC,t,CCSBT,catch,unknown,1.18507999881492
AUS,09.5,2015-01-01,2015-12-31,IOTC,UNK,SBF,NC,t,CCSBT,catch,unknown,0.41867999916264
AUS,09.5,2015-01-01,2015-12-31,WCPFC,UNK,SBF,NC,t,CCSBT,catch,unknown,0.0375999999248
AUS,09.5,2016-01-01,2016-12-31,IOTC,UNK,SBF,NC,t,CCSBT,catch,unknown,0.570999998858
AUS,09.5,2017-01-01,2017-12-31,IOTC,UNK,SBF,NC,t,CCSBT,catch,unknown,0.729335997811992
AUS,09.5,2019-01-01,2019-12-31,IOTC,UNK,SBF,NC,t,CCSBT,catch,unknown,13.5696799592909
AUS,09.5,2020-01-01,2020-12-31,IOTC,UNK,SBF,NC,t,CCSBT,catch,unknown,9.33734394397593
AUS,09.5,2021-01-01,2021-12-31,IOTC,UNK,SBF,NC,t,CCSBT,catch,unknown,7.66670156933319
AUS,09.5,2022-01-01,2022-12-31,IOTC,UNK,SBF,NC,t,CCSBT,catch,unknown,5.08133999491866
AUS,09.5,2023-01-01,2023-12-31,WCPFC,UNK,SBF,NC,t,CCSBT,catch,unknown,0.912423447572472
AUS,09.5,2024-01-01,2024-12-31,IOTC,UNK,SBF,NC,t,CCSBT,catch,unknown,0.51221
AUS,10.9,2008-01-01,2008-12-31,IOTC,UNK,SBF,NC,t,CCSBT,catch,unknown,9.64982
AUS,10.9,2014-01-01,2014-12-31,IOTC,UNK,SBF,NC,t,CCSBT,catch,unknown,1.334
AUS,10.9,2015-01-01,2015-12-31,IOTC,UNK,SBF,NC,t,CCSBT,catch,unknown,0.4
AUS,10.9,2016-01-01,2016-12-31,IOTC,UNK,SBF,NC,t,CCSBT,catch,unknown,3.38797399634605
AUS,10.9,2017-01-01,2017-12-31,IOTC,UNK,SBF,NC,t,CCSBT,catch,unknown,1.29547999967756
AUS,10.9,2018-01-01,2018-12-31,IOTC,UNK,SBF,NC,t,CCSBT,catch,unknown,1.27895999983408
AUS,10.9,2019-01-01,2019-12-31,IOTC,UNK,SBF,NC,t,CCSBT,catch,unknown,270.618159998145
AUS,10.9,2020-01-01,2020-12-31,IOTC,UNK,SBF,NC,t,CCSBT,catch,unknown,276.106955163358
AUS,10.9,2021-01-01,2021-12-31,IOTC,UNK,SBF,NC,t,CCSBT,catch,unknown,275.930414376278
AUS,10.9,2022-01-01,2022-12-31,IOTC,UNK,SBF,NC,t,CCSBT,catch,unknown,320.842961591057
AUS,10.9,2023-01-01,2023-12-31,IOTC,UNK,SBF,NC,t,CCSBT,catch,unknown,312.583
AUS,10.9,2023-01-01,2023-12-31,WCPFC,UNK,SBF,NC,t,CCSBT,catch,unknown,12.4677123834879
AUS,10.9,2024-01-01,2024-12-31,IOTC,UNK,SBF,NC,t,CCSBT,catch,unknown,382.4775264
AUS,99.9,1965-01-01,1965-12-31,IOTC,UNK,SBF,NC,t,CCSBT,catch,unknown,4675.02456514981
AUS,99.9,1965-01-01,1965-12-31,WCPFC,UNK,SBF,NC,t,CCSBT,catch,unknown,2200.9754346841
AUS,99.9,1966-01-01,1966-12-31,IOTC,UNK,SBF,NC,t,CCSBT,catch,unknown,5881.81958582737
AUS,99.9,1966-01-01,1966-12-31,WCPFC,UNK,SBF,NC,t,CCSBT,catch,unknown,2126.18041517086
AUS,99.9,1967-01-01,1967-12-31,IOTC,UNK,SBF,NC,t,CCSBT,catch,unknown,3527.86646201455
AUS,99.9,1967-01-01,1967-12-31,WCPFC,UNK,SBF,NC,t,CCSBT,catch,unknown,2829.13353946501
AUS,99.9,1968-01-01,1968-12-31,IOTC,UNK,SBF,NC,t,CCSBT,catch,unknown,3140.35732726334
AUS,99.9,1968-01-01,1968-12-31,WCPFC,UNK,SBF,NC,t,CCSBT,catch,unknown,5596.64267496111
AUS,99.9,1969-01-01,1969-12-31,IOTC,UNK,SBF,NC,t,CCSBT,catch,unknown,3544.9534972668
AUS,99.9,1969-01-01,1969-12-31,WCPFC,UNK,SBF,NC,t,CCSBT,catch,unknown,5134.0465007129
AUS,99.9,1970-01-01,1970-12-31,IOTC,UNK,SBF,NC,t,CCSBT,catch,unknown,2808.05408926561
AUS,99.9,1970-01-01,1970-12-31,WCPFC,UNK,SBF,NC,t,CCSBT,catch,unknown,4288.9459116729
AUS,99.9,1971-01-01,1971-12-31,IOTC,UNK,SBF,NC,t,CCSBT,catch,unknown,3410.6390225772
AUS,99.9,1971-01-01,1971-12-31,WCPFC,UNK,SBF,NC,t,CCSBT,catch,unknown,3558.36097973823
AUS,99.9,1972-01-01,1972-12-31,IOTC,UNK,SBF,NC,t,CCSBT,catch,unknown,5837.54820300235
AUS,99.9,1972-01-01,1972-12-31,WCPFC,UNK,SBF,NC,t,CCSBT,catch,unknown,6559.45179474523
AUS,99.9,1973-01-01,1973-12-31,IOTC,UNK,SBF,NC,t,CCSBT,catch,unknown,7243.5688343651
AUS,99.9,1973-01-01,1973-12-31,WCPFC,UNK,SBF,NC,t,CCSBT,catch,unknown,2646.43116298365
AUS,99.9,1974-01-01,1974-12-31,IOTC,UNK,SBF,NC,t,CCSBT,catch,unknown,7562.98841983628
AUS,99.9,1974-01-01,1974-12-31,WCPFC,UNK,SBF,NC,t,CCSBT,catch,unknown,5109.0115850445
EUR,09.39,2003-01-01,2003-12-31,IOTC,UNK,SBF,NC,t,CCSBT,catch,unknown,3.365
EUR,09.39,2004-01-01,2004-12-31,IOTC,UNK,SBF,NC,t,CCSBT,catch,unknown,22.15475
EUR,09.39,2004-01-01,2004-12-31,WCPFC,UNK,SBF,NC,t,CCSBT,catch,unknown,0.995
EUR,09.39,2006-01-01,2006-12-31,IOTC,UNK,SBF,NC,t,CCSBT,catch,unknown,2.6
EUR,09.39,2007-01-01,2007-12-31,IOTC,UNK,SBF,NC,t,CCSBT,catch,unknown,18.1
EUR,09.39,2008-01-01,2008-12-31,IOTC,UNK,SBF,NC,t,CCSBT,catch,unknown,14.3
EUR,09.39,2009-01-01,2009-12-31,IOTC,UNK,SBF,NC,t,CCSBT,catch,unknown,1.77
EUR,09.39,2010-01-01,2010-12-31,IOTC,UNK,SBF,NC,t,CCSBT,catch,unknown,10.8
EUR,09.39,2011-01-01,2011-12-31,IOTC,UNK,SBF,NC,t,CCSBT,catch,unknown,3.3
EUR,09.39,2012-01-01,2012-12-31,IOTC,UNK,SBF,NC,t,CCSBT,catch,unknown,4.04
IDN,09.39,1976-01-01,1976-12-31,IOTC,UNK,SBF,NC,t,CCSBT,catch,unknown,12
IDN,09.39,1977-01-01,1977-12-31,IOTC,UNK,SBF,NC,t,CCSBT,catch,unknown,4
IDN,09.39,1978-01-01,1978-12-31,IOTC,UNK,SBF,NC,t,CCSBT,catch,unknown,6
IDN,09.39,1979-01-01,1979-12-31,IOTC,UNK,SBF,NC,t,CCSBT,catch,unknown,5
IDN,09.39,1980-01-01,1980-12-31,IOTC,UNK,SBF,NC,t,CCSBT,catch,unknown,5
IDN,09.39,1981-01-01,1981-12-31,IOTC,UNK,SBF,NC,t,CCSBT,catch,unknown,1
IDN,09.39,1982-01-01,1982-12-31,IOTC,UNK,SBF,NC,t,CCSBT,catch,unknown,2
IDN,09.39,1983-01-01,1983-12-31,IOTC,UNK,SBF,NC,t,CCSBT,catch,unknown,5
IDN,09.39,1984-01-01,1984-12-31,IOTC,UNK,SBF,NC,t,CCSBT,catch,unknown,11
IDN,09.39,1985-01-01,1985-12-31,IOTC,UNK,SBF,NC,t,CCSBT,catch,unknown,3
IDN,09.39,1986-01-01,1986-12-31,IOTC,UNK,SBF,NC,t,CCSBT,catch,unknown,7
IDN,09.39,1987-01-01,1987-12-31,IOTC,UNK,SBF,NC,t,CCSBT,catch,unknown,14
IDN,09.39,1988-01-01,1988-12-31,IOTC,UNK,SBF,NC,t,CCSBT,catch,unknown,180
IDN,09.39,1989-01-01,1989-12-31,IOTC,UNK,SBF,NC,t,CCSBT,catch,unknown,568.3
IDN,09.39,1990-01-01,1990-12-31,IOTC,UNK,SBF,NC,t,CCSBT,catch,unknown,517.1
IDN,09.39,1991-01-01,1991-12-31,IOTC,UNK,SBF,NC,t,CCSBT,catch,unknown,758.5
IDN,09.39,1992-01-01,1992-12-31,IOTC,UNK,SBF,NC,t,CCSBT,catch,unknown,1232.1
IDN,09.39,1993-01-01,1993-12-31,IOTC,UNK,SBF,NC,t,CCSBT,catch,unknown,1369.99789
IDN,09.39,1994-01-01,1994-12-31,IOTC,UNK,SBF,NC,t,CCSBT,catch,unknown,903.59217
IDN,09.39,1995-01-01,1995-12-31,IOTC,UNK,SBF,NC,t,CCSBT,catch,unknown,828.96989
IDN,09.39,1996-01-01,1996-12-31,IOTC,UNK,SBF,NC,t,CCSBT,catch,unknown,1614.18492
IDN,09.39,1997-01-01,1997-12-31,IOTC,UNK,SBF,NC,t,CCSBT,catch,unknown,2210.37118
IDN,09.39,1998-01-01,1998-12-31,IOTC,UNK,SBF,NC,t,CCSBT,catch,unknown,1324.13199
IDN,09.39,1999-01-01,1999-12-31,IOTC,UNK,SBF,NC,t,CCSBT,catch,unknown,2504.49323
IDN,09.39,2000-01-01,2000-12-31,IOTC,UNK,SBF,NC,t,CCSBT,catch,unknown,1202.59701
IDN,09.39,2001-01-01,2001-12-31,IOTC,UNK,SBF,NC,t,CCSBT,catch,unknown,1631.74141
IDN,09.39,2002-01-01,2002-12-31,IOTC,UNK,SBF,NC,t,CCSBT,catch,unknown,1700.78497
IDN,09.39,2003-01-01,2003-12-31,IOTC,UNK,SBF,NC,t,CCSBT,catch,unknown,564.67241
IDN,09.39,2004-01-01,2004-12-31,IOTC,UNK,SBF,NC,t,CCSBT,catch,unknown,632.59627
IDN,09.39,2005-01-01,2005-12-31,IOTC,UNK,SBF,NC,t,CCSBT,catch,unknown,1726.15646
IDN,09.39,2006-01-01,2006-12-31,IOTC,UNK,SBF,NC,t,CCSBT,catch,unknown,597.88906
IDN,09.39,2007-01-01,2007-12-31,IOTC,UNK,SBF,NC,t,CCSBT,catch,unknown,1077.10906
IDN,09.39,2008-01-01,2008-12-31,IOTC,UNK,SBF,NC,t,CCSBT,catch,unknown,926.28702
IDN,09.39,2009-01-01,2009-12-31,IOTC,UNK,SBF,NC,t,CCSBT,catch,unknown,640.681
IDN,09.39,2010-01-01,2010-12-31,IOTC,UNK,SBF,NC,t,CCSBT,catch,unknown,635.555
IDN,09.39,2011-01-01,2011-12-31,IOTC,UNK,SBF,NC,t,CCSBT,catch,unknown,842.39998
IDN,09.39,2012-01-01,2012-12-31,IOTC,UNK,SBF,NC,t,CCSBT,catch,unknown,909.755
IDN,09.39,2013-01-01,2013-12-31,IOTC,UNK,SBF,NC,t,CCSBT,catch,unknown,1382.645
IDN,09.39,2014-01-01,2014-12-31,IOTC,UNK,SBF,NC,t,CCSBT,catch,unknown,1063.317
IDN,09.39,2015-01-01,2015-12-31,IOTC,UNK,SBF,NC,t,CCSBT,catch,unknown,592.949
IDN,09.39,2016-01-01,2016-12-31,IOTC,UNK,SBF,NC,t,CCSBT,catch,unknown,600.645
IDN,09.39,2017-01-01,2017-12-31,IOTC,UNK,SBF,NC,t,CCSBT,catch,unknown,834.623
IDN,09.39,2018-01-01,2018-12-31,IOTC,UNK,SBF,NC,t,CCSBT,catch,unknown,1086.614
IDN,09.39,2019-01-01,2019-12-31,IOTC,UNK,SBF,NC,t,CCSBT,catch,unknown,1206.034
IDN,09.39,2020-01-01,2020-12-31,IOTC,UNK,SBF,NC,t,CCSBT,catch,unknown,1297.66805
IDN,09.39,2021-01-01,2021-12-31,IOTC,UNK,SBF,NC,t,CCSBT,catch,unknown,1122.7151
IDN,09.39,2022-01-01,2022-12-31,IOTC,UNK,SBF,NC,t,CCSBT,catch,unknown,1031.39711
IDN,09.39,2023-01-01,2023-12-31,IOTC,UNK,SBF,NC,t,CCSBT,catch,unknown,1031.3453
IDN,09.39,2024-01-01,2024-12-31,IOTC,UNK,SBF,NC,t,CCSBT,catch,unknown,1224.3765
JPN,09.39,1965-01-01,1965-12-31,AT,UNK,SBF,NC,t,CCSBT,catch,unknown,15.3320115866524
JPN,09.39,1965-01-01,1965-12-31,IOTC,UNK,SBF,NC,t,CCSBT,catch,unknown,28094.6361130015
JPN,09.39,1965-01-01,1965-12-31,WCPFC,UNK,SBF,NC,t,CCSBT,catch,unknown,12579.0318862428
JPN,09.39,1966-01-01,1966-12-31,IOTC,UNK,SBF,NC,t,CCSBT,catch,unknown,26357.8750796539
JPN,09.39,1966-01-01,1966-12-31,WCPFC,UNK,SBF,NC,t,CCSBT,catch,unknown,13286.1249072472
JPN,09.39,1967-01-01,1967-12-31,IOTC,UNK,SBF,NC,t,CCSBT,catch,unknown,50474.5483295708
JPN,09.39,1967-01-01,1967-12-31,WCPFC,UNK,SBF,NC,t,CCSBT,catch,unknown,8806.45168286757
JPN,09.39,1968-01-01,1968-12-31,AT,UNK,SBF,NC,t,CCSBT,catch,unknown,411.48726750473
JPN,09.39,1968-01-01,1968-12-31,IOTC,UNK,SBF,NC,t,CCSBT,catch,unknown,41425.7757382124
JPN,09.39,1968-01-01,1968-12-31,WCPFC,UNK,SBF,NC,t,CCSBT,catch,unknown,7819.73697587446
JPN,09.39,1969-01-01,1969-12-31,AT,UNK,SBF,NC,t,CCSBT,catch,unknown,1869.37841888754
JPN,09.39,1969-01-01,1969-12-31,IOTC,UNK,SBF,NC,t,CCSBT,catch,unknown,39679.905611075
JPN,09.39,1969-01-01,1969-12-31,WCPFC,UNK,SBF,NC,t,CCSBT,catch,unknown,8219.7159766636
JPN,09.39,1970-01-01,1970-12-31,AT,UNK,SBF,NC,t,CCSBT,catch,unknown,7574.64216159627
JPN,09.39,1970-01-01,1970-12-31,IOTC,UNK,SBF,NC,t,CCSBT,catch,unknown,26550.9252989972
JPN,09.39,1970-01-01,1970-12-31,WCPFC,UNK,SBF,NC,t,CCSBT,catch,unknown,6803.43253765177
JPN,09.39,1971-01-01,1971-12-31,AT,UNK,SBF,NC,t,CCSBT,catch,unknown,2125.58908523528
JPN,09.39,1971-01-01,1971-12-31,IOTC,UNK,SBF,NC,t,CCSBT,catch,unknown,23137.560073553
JPN,09.39,1971-01-01,1971-12-31,WCPFC,UNK,SBF,NC,t,CCSBT,catch,unknown,12885.8508431939
JPN,09.39,1972-01-01,1972-12-31,AT,UNK,SBF,NC,t,CCSBT,catch,unknown,3928.10401334778
JPN,09.39,1972-01-01,1972-12-31,IOTC,UNK,SBF,NC,t,CCSBT,catch,unknown,23063.8679803935
JPN,09.39,1972-01-01,1972-12-31,WCPFC,UNK,SBF,NC,t,CCSBT,catch,unknown,12466.027997507
JPN,09.39,1973-01-01,1973-12-31,AT,UNK,SBF,NC,t,CCSBT,catch,unknown,2234.51204794785
JPN,09.39,1973-01-01,1973-12-31,IOTC,UNK,SBF,NC,t,CCSBT,catch,unknown,21282.4701129936
JPN,09.39,1973-01-01,1973-12-31,WCPFC,UNK,SBF,NC,t,CCSBT,catch,unknown,7708.01783596466
JPN,09.39,1974-01-01,1974-12-31,AT,UNK,SBF,NC,t,CCSBT,catch,unknown,2266.47387590326
JPN,09.39,1974-01-01,1974-12-31,IOTC,UNK,SBF,NC,t,CCSBT,catch,unknown,24196.0892772772
JPN,09.39,1974-01-01,1974-12-31,WCPFC,UNK,SBF,NC,t,CCSBT,catch,unknown,7542.43685498778
JPN,09.39,1975-01-01,1975-12-31,AT,UNK,SBF,NC,t,CCSBT,catch,unknown,1051.43516352771
JPN,09.39,1975-01-01,1975-12-31,IOTC,UNK,SBF,NC,t,CCSBT,catch,unknown,17643.9130646564
JPN,09.39,1975-01-01,1975-12-31,WCPFC,UNK,SBF,NC,t,CCSBT,catch,unknown,5438.65176782503
JPN,09.39,1976-01-01,1976-12-31,AT,UNK,SBF,NC,t,CCSBT,catch,unknown,1008.5031372886
JPN,09.39,1976-01-01,1976-12-31,IOTC,UNK,SBF,NC,t,CCSBT,catch,unknown,24395.1533654927
JPN,09.39,1976-01-01,1976-12-31,WCPFC,UNK,SBF,NC,t,CCSBT,catch,unknown,8695.3434997567
JPN,09.39,1977-01-01,1977-12-31,AT,UNK,SBF,NC,t,CCSBT,catch,unknown,4462.51053480109
JPN,09.39,1977-01-01,1977-12-31,IOTC,UNK,SBF,NC,t,CCSBT,catch,unknown,20212.2204973106
JPN,09.39,1977-01-01,1977-12-31,WCPFC,UNK,SBF,NC,t,CCSBT,catch,unknown,4925.26895744989
JPN,09.39,1978-01-01,1978-12-31,AT,UNK,SBF,NC,t,CCSBT,catch,unknown,6528.03150643592
JPN,09.39,1978-01-01,1978-12-31,IOTC,UNK,SBF,NC,t,CCSBT,catch,unknown,13550.3444762082
JPN,09.39,1978-01-01,1978-12-31,WCPFC,UNK,SBF,NC,t,CCSBT,catch,unknown,3553.62401626363
JPN,09.39,1979-01-01,1979-12-31,AT,UNK,SBF,NC,t,CCSBT,catch,unknown,8230.95063053526
JPN,09.39,1979-01-01,1979-12-31,IOTC,UNK,SBF,NC,t,CCSBT,catch,unknown,13586.6002224338
JPN,09.39,1979-01-01,1979-12-31,WCPFC,UNK,SBF,NC,t,CCSBT,catch,unknown,6010.44914949351
JPN,09.39,1980-01-01,1980-12-31,AT,UNK,SBF,NC,t,CCSBT,catch,unknown,3085.99132069364
JPN,09.39,1980-01-01,1980-12-31,IOTC,UNK,SBF,NC,t,CCSBT,catch,unknown,20526.195116385
JPN,09.39,1980-01-01,1980-12-31,WCPFC,UNK,SBF,NC,t,CCSBT,catch,unknown,10040.8135482898
JPN,09.39,1981-01-01,1981-12-31,AT,UNK,SBF,NC,t,CCSBT,catch,unknown,2364.99335589211
JPN,09.39,1981-01-01,1981-12-31,IOTC,UNK,SBF,NC,t,CCSBT,catch,unknown,17283.6985681236
JPN,09.39,1981-01-01,1981-12-31,WCPFC,UNK,SBF,NC,t,CCSBT,catch,unknown,8332.30807246592
JPN,09.39,1982-01-01,1982-12-31,AT,UNK,SBF,NC,t,CCSBT,catch,unknown,1104.24881050536
JPN,09.39,1982-01-01,1982-12-31,IOTC,UNK,SBF,NC,t,CCSBT,catch,unknown,14965.7687256278
JPN,09.39,1982-01-01,1982-12-31,WCPFC,UNK,SBF,NC,t,CCSBT,catch,unknown,4718.98246652221
JPN,09.39,1983-01-01,1983-12-31,AT,UNK,SBF,NC,t,CCSBT,catch,unknown,573.468934358664
JPN,09.39,1983-01-01,1983-12-31,IOTC,UNK,SBF,NC,t,CCSBT,catch,unknown,21391.4202355655
JPN,09.39,1983-01-01,1983-12-31,WCPFC,UNK,SBF,NC,t,CCSBT,catch,unknown,2916.11082265527
JPN,09.39,1984-01-01,1984-12-31,AT,UNK,SBF,NC,t,CCSBT,catch,unknown,2081.5496925118
JPN,09.39,1984-01-01,1984-12-31,IOTC,UNK,SBF,NC,t,CCSBT,catch,unknown,18934.8587931351
JPN,09.39,1984-01-01,1984-12-31,WCPFC,UNK,SBF,NC,t,CCSBT,catch,unknown,2311.59151639132
JPN,09.39,1985-01-01,1985-12-31,AT,UNK,SBF,NC,t,CCSBT,catch,unknown,1733.3052332263
JPN,09.39,1985-01-01,1985-12-31,IOTC,UNK,SBF,NC,t,CCSBT,catch,unknown,16780.1339960509
JPN,09.39,1985-01-01,1985-12-31,WCPFC,UNK,SBF,NC,t,CCSBT,catch,unknown,1882.56077132317
JPN,09.39,1986-01-01,1986-12-31,AT,UNK,SBF,NC,t,CCSBT,catch,unknown,433.855343627824
JPN,09.39,1986-01-01,1986-12-31,IOTC,UNK,SBF,NC,t,CCSBT,catch,unknown,12938.1889806071
JPN,09.39,1986-01-01,1986-12-31,WCPFC,UNK,SBF,NC,t,CCSBT,catch,unknown,1809.95568070636
JPN,09.39,1987-01-01,1987-12-31,AT,UNK,SBF,NC,t,CCSBT,catch,unknown,1227.7676322633
JPN,09.39,1987-01-01,1987-12-31,IOTC,UNK,SBF,NC,t,CCSBT,catch,unknown,10945.6179273596
JPN,09.39,1987-01-01,1987-12-31,WCPFC,UNK,SBF,NC,t,CCSBT,catch,unknown,1790.614437884
JPN,09.39,1988-01-01,1988-12-31,AT,UNK,SBF,NC,t,CCSBT,catch,unknown,573.449313407855
JPN,09.39,1988-01-01,1988-12-31,IOTC,UNK,SBF,NC,t,CCSBT,catch,unknown,9753.87814581952
JPN,09.39,1988-01-01,1988-12-31,WCPFC,UNK,SBF,NC,t,CCSBT,catch,unknown,1094.67254338713
JPN,09.39,1989-01-01,1989-12-31,AT,UNK,SBF,NC,t,CCSBT,catch,unknown,493.361024030426
JPN,09.39,1989-01-01,1989-12-31,IOTC,UNK,SBF,NC,t,CCSBT,catch,unknown,7535.78879677801
JPN,09.39,1989-01-01,1989-12-31,WCPFC,UNK,SBF,NC,t,CCSBT,catch,unknown,1192.85017739723
JPN,09.39,1990-01-01,1990-12-31,AT,UNK,SBF,NC,t,CCSBT,catch,unknown,987.26273429892
JPN,09.39,1990-01-01,1990-12-31,IOTC,UNK,SBF,NC,t,CCSBT,catch,unknown,4382.89697949094
JPN,09.39,1990-01-01,1990-12-31,WCPFC,UNK,SBF,NC,t,CCSBT,catch,unknown,1685.84028651444
JPN,09.39,1991-01-01,1991-12-31,AT,UNK,SBF,NC,t,CCSBT,catch,unknown,1080.02106890243
JPN,09.39,1991-01-01,1991-12-31,IOTC,UNK,SBF,NC,t,CCSBT,catch,unknown,4136.82764878414
JPN,09.39,1991-01-01,1991-12-31,WCPFC,UNK,SBF,NC,t,CCSBT,catch,unknown,1260.15128393719
JPN,09.39,1992-01-01,1992-12-31,AT,UNK,SBF,NC,t,CCSBT,catch,unknown,253.479072631448
JPN,09.39,1992-01-01,1992-12-31,IOTC,UNK,SBF,NC,t,CCSBT,catch,unknown,4237.88257835247
JPN,09.39,1992-01-01,1992-12-31,WCPFC,UNK,SBF,NC,t,CCSBT,catch,unknown,1629.63834666645
JPN,09.39,1993-01-01,1993-12-31,AT,UNK,SBF,NC,t,CCSBT,catch,unknown,1424.71433295805
JPN,09.39,1993-01-01,1993-12-31,IOTC,UNK,SBF,NC,t,CCSBT,catch,unknown,2868.94035557222
JPN,09.39,1993-01-01,1993-12-31,WCPFC,UNK,SBF,NC,t,CCSBT,catch,unknown,2024.34531449706
JPN,09.39,1994-01-01,1994-12-31,AT,UNK,SBF,NC,t,CCSBT,catch,unknown,420.170793977313
JPN,09.39,1994-01-01,1994-12-31,IOTC,UNK,SBF,NC,t,CCSBT,catch,unknown,4132.41371521686
JPN,09.39,1994-01-01,1994-12-31,WCPFC,UNK,SBF,NC,t,CCSBT,catch,unknown,1510.41549102161
JPN,09.39,1995-01-01,1995-12-31,AT,UNK,SBF,NC,t,CCSBT,catch,unknown,1299.0830075112
JPN,09.39,1995-01-01,1995-12-31,IOTC,UNK,SBF,NC,t,CCSBT,catch,unknown,3868.56721279563
JPN,09.39,1995-01-01,1995-12-31,WCPFC,UNK,SBF,NC,t,CCSBT,catch,unknown,994.914930963448
JPN,09.39,1996-01-01,1996-12-31,AT,UNK,SBF,NC,t,CCSBT,catch,unknown,1030.24503061427
JPN,09.39,1996-01-01,1996-12-31,IOTC,UNK,SBF,NC,t,CCSBT,catch,unknown,4497.73152573705
JPN,09.39,1996-01-01,1996-12-31,WCPFC,UNK,SBF,NC,t,CCSBT,catch,unknown,1154.31426277969
JPN,09.39,1997-01-01,1997-12-31,AT,UNK,SBF,NC,t,CCSBT,catch,unknown,189.321230519492
JPN,09.39,1997-01-01,1997-12-31,IOTC,UNK,SBF,NC,t,CCSBT,catch,unknown,4500.38604872935
JPN,09.39,1997-01-01,1997-12-31,WCPFC,UNK,SBF,NC,t,CCSBT,catch,unknown,898.29272285065
JPN,09.39,1998-01-01,1998-12-31,AT,UNK,SBF,NC,t,CCSBT,catch,unknown,649.152388689426
JPN,09.39,1998-01-01,1998-12-31,IOTC,UNK,SBF,NC,t,CCSBT,catch,unknown,5837.7790950129
JPN,09.39,1998-01-01,1998-12-31,WCPFC,UNK,SBF,NC,t,CCSBT,catch,unknown,1013.06852043565
JPN,09.39,1999-01-01,1999-12-31,AT,UNK,SBF,NC,t,CCSBT,catch,unknown,688.625430679271
JPN,09.39,1999-01-01,1999-12-31,IOTC,UNK,SBF,NC,t,CCSBT,catch,unknown,5125.5091564813
JPN,09.39,1999-01-01,1999-12-31,WCPFC,UNK,SBF,NC,t,CCSBT,catch,unknown,1739.86541002912
JPN,09.39,2000-01-01,2000-12-31,AT,UNK,SBF,NC,t,CCSBT,catch,unknown,1203.43575264232
JPN,09.39,2000-01-01,2000-12-31,IOTC,UNK,SBF,NC,t,CCSBT,catch,unknown,3369.51210517005
JPN,09.39,2000-01-01,2000-12-31,WCPFC,UNK,SBF,NC,t,CCSBT,catch,unknown,1427.05214051215
JPN,09.39,2001-01-01,2001-12-31,AT,UNK,SBF,NC,t,CCSBT,catch,unknown,327.286992400294
JPN,09.39,2001-01-01,2001-12-31,IOTC,UNK,SBF,NC,t,CCSBT,catch,unknown,4456.98667499853
JPN,09.39,2001-01-01,2001-12-31,WCPFC,UNK,SBF,NC,t,CCSBT,catch,unknown,1894.1333304502
JPN,09.39,2002-01-01,2002-12-31,AT,UNK,SBF,NC,t,CCSBT,catch,unknown,908.608206108427
JPN,09.39,2002-01-01,2002-12-31,IOTC,UNK,SBF,NC,t,CCSBT,catch,unknown,3159.31110850954
JPN,09.39,2002-01-01,2002-12-31,WCPFC,UNK,SBF,NC,t,CCSBT,catch,unknown,2129.7866846934
JPN,09.39,2003-01-01,2003-12-31,AT,UNK,SBF,NC,t,CCSBT,catch,unknown,1934.95103925705
JPN,09.39,2003-01-01,2003-12-31,IOTC,UNK,SBF,NC,t,CCSBT,catch,unknown,1934.7139548104
JPN,09.39,2003-01-01,2003-12-31,WCPFC,UNK,SBF,NC,t,CCSBT,catch,unknown,1906.41900569754
JPN,09.39,2004-01-01,2004-12-31,AT,UNK,SBF,NC,t,CCSBT,catch,unknown,68.1296331067685
JPN,09.39,2004-01-01,2004-12-31,IOTC,UNK,SBF,NC,t,CCSBT,catch,unknown,4668.85618217995
JPN,09.39,2004-01-01,2004-12-31,WCPFC,UNK,SBF,NC,t,CCSBT,catch,unknown,1111.68158616287
JPN,09.39,2005-01-01,2005-12-31,AT,UNK,SBF,NC,t,CCSBT,catch,unknown,377.209689186768
JPN,09.39,2005-01-01,2005-12-31,IOTC,UNK,SBF,NC,t,CCSBT,catch,unknown,6310.06925710309
JPN,09.39,2005-01-01,2005-12-31,WCPFC,UNK,SBF,NC,t,CCSBT,catch,unknown,1167.72105259085
JPN,09.39,2006-01-01,2006-12-31,AT,UNK,SBF,NC,t,CCSBT,catch,unknown,185.751161206578
JPN,09.39,2006-01-01,2006-12-31,IOTC,UNK,SBF,NC,t,CCSBT,catch,unknown,3444.90711517148
JPN,09.39,2006-01-01,2006-12-31,WCPFC,UNK,SBF,NC,t,CCSBT,catch,unknown,576.341724495109
JPN,09.39,2007-01-01,2007-12-31,AT,UNK,SBF,NC,t,CCSBT,catch,unknown,13.8669410988378
JPN,09.39,2007-01-01,2007-12-31,IOTC,UNK,SBF,NC,t,CCSBT,catch,unknown,2267.62833682238
JPN,09.39,2007-01-01,2007-12-31,WCPFC,UNK,SBF,NC,t,CCSBT,catch,unknown,558.5047208876
JPN,09.39,2008-01-01,2008-12-31,AT,UNK,SBF,NC,t,CCSBT,catch,unknown,857.977874827941
JPN,09.39,2008-01-01,2008-12-31,IOTC,UNK,SBF,NC,t,CCSBT,catch,unknown,1430.3166956829
JPN,09.39,2008-01-01,2008-12-31,WCPFC,UNK,SBF,NC,t,CCSBT,catch,unknown,663.705430587429
JPN,09.39,2009-01-01,2009-12-31,AT,UNK,SBF,NC,t,CCSBT,catch,unknown,185.405658478576
JPN,09.39,2009-01-01,2009-12-31,IOTC,UNK,SBF,NC,t,CCSBT,catch,unknown,1886.19480734047
JPN,09.39,2009-01-01,2009-12-31,WCPFC,UNK,SBF,NC,t,CCSBT,catch,unknown,587.399534401057
JPN,09.39,2010-01-01,2010-12-31,AT,UNK,SBF,NC,t,CCSBT,catch,unknown,94.7659647290783
JPN,09.39,2010-01-01,2010-12-31,IOTC,UNK,SBF,NC,t,CCSBT,catch,unknown,1480.75370898177
JPN,09.39,2010-01-01,2010-12-31,WCPFC,UNK,SBF,NC,t,CCSBT,catch,unknown,647.788325333384
JPN,09.39,2011-01-01,2011-12-31,AT,UNK,SBF,NC,t,CCSBT,catch,unknown,160.770129211304
JPN,09.39,2011-01-01,2011-12-31,IOTC,UNK,SBF,NC,t,CCSBT,catch,unknown,1611.11789781687
JPN,09.39,2011-01-01,2011-12-31,WCPFC,UNK,SBF,NC,t,CCSBT,catch,unknown,746.111972357332
JPN,09.39,2012-01-01,2012-12-31,AT,UNK,SBF,NC,t,CCSBT,catch,unknown,339.114314569267
JPN,09.39,2012-01-01,2012-12-31,IOTC,UNK,SBF,NC,t,CCSBT,catch,unknown,1394.33009078291
JPN,09.39,2012-01-01,2012-12-31,WCPFC,UNK,SBF,NC,t,CCSBT,catch,unknown,794.555593606724
JPN,09.39,2013-01-01,2013-12-31,AT,UNK,SBF,NC,t,CCSBT,catch,unknown,840.904612999582
JPN,09.39,2013-01-01,2013-12-31,IOTC,UNK,SBF,NC,t,CCSBT,catch,unknown,930.207513315454
JPN,09.39,2013-01-01,2013-12-31,WCPFC,UNK,SBF,NC,t,CCSBT,catch,unknown,922.887874016377
JPN,09.39,2014-01-01,2014-12-31,AT,UNK,SBF,NC,t,CCSBT,catch,unknown,1075.0075909752
JPN,09.39,2014-01-01,2014-12-31,IOTC,UNK,SBF,NC,t,CCSBT,catch,unknown,1115.46294849791
JPN,09.39,2014-01-01,2014-12-31,WCPFC,UNK,SBF,NC,t,CCSBT,catch,unknown,1180.52946063103
JPN,09.39,2015-01-01,2015-12-31,AT,UNK,SBF,NC,t,CCSBT,catch,unknown,1610.28785981218
JPN,09.39,2015-01-01,2015-12-31,IOTC,UNK,SBF,NC,t,CCSBT,catch,unknown,1712.36668651445
JPN,09.39,2015-01-01,2015-12-31,WCPFC,UNK,SBF,NC,t,CCSBT,catch,unknown,1422.34545272711
JPN,09.39,2016-01-01,2016-12-31,AT,UNK,SBF,NC,t,CCSBT,catch,unknown,1736.18744203667
JPN,09.39,2016-01-01,2016-12-31,IOTC,UNK,SBF,NC,t,CCSBT,catch,unknown,1350.41076045921
JPN,09.39,2016-01-01,2016-12-31,WCPFC,UNK,SBF,NC,t,CCSBT,catch,unknown,1634.40179657986
JPN,09.39,2017-01-01,2017-12-31,AT,UNK,SBF,NC,t,CCSBT,catch,unknown,1933.61004090265
JPN,09.39,2017-01-01,2017-12-31,IOTC,UNK,SBF,NC,t,CCSBT,catch,unknown,988.231810225994
JPN,09.39,2017-01-01,2017-12-31,WCPFC,UNK,SBF,NC,t,CCSBT,catch,unknown,1645.15815081573
JPN,09.39,2018-01-01,2018-12-31,AT,UNK,SBF,NC,t,CCSBT,catch,unknown,2034.20263198158
JPN,09.39,2018-01-01,2018-12-31,IOTC,UNK,SBF,NC,t,CCSBT,catch,unknown,1744.84091130139
JPN,09.39,2018-01-01,2018-12-31,WCPFC,UNK,SBF,NC,t,CCSBT,catch,unknown,2165.95645815911
JPN,09.39,2019-01-01,2019-12-31,AT,UNK,SBF,NC,t,CCSBT,catch,unknown,1524.75137313554
JPN,09.39,2019-01-01,2019-12-31,IOTC,UNK,SBF,NC,t,CCSBT,catch,unknown,2020.8333399375
JPN,09.39,2019-01-01,2019-12-31,WCPFC,UNK,SBF,NC,t,CCSBT,catch,unknown,2305.41528527423
JPN,09.39,2020-01-01,2020-12-31,AT,UNK,SBF,NC,t,CCSBT,catch,unknown,1030.46049802781
JPN,09.39,2020-01-01,2020-12-31,IOTC,UNK,SBF,NC,t,CCSBT,catch,unknown,2891.77808176097
JPN,09.39,2020-01-01,2020-12-31,WCPFC,UNK,SBF,NC,t,CCSBT,catch,unknown,2006.76141831587
JPN,09.39,2021-01-01,2021-12-31,AT,UNK,SBF,NC,t,CCSBT,catch,unknown,663.79040704674
JPN,09.39,2021-01-01,2021-12-31,IOTC,UNK,SBF,NC,t,CCSBT,catch,unknown,3345.80355833663
JPN,09.39,2021-01-01,2021-12-31,WCPFC,UNK,SBF,NC,t,CCSBT,catch,unknown,2442.40603586383
JPN,09.39,2022-01-01,2022-12-31,AT,UNK,SBF,NC,t,CCSBT,catch,unknown,1223.41957247293
JPN,09.39,2022-01-01,2022-12-31,IOTC,UNK,SBF,NC,t,CCSBT,catch,unknown,2331.09821508988
JPN,09.39,2022-01-01,2022-12-31,WCPFC,UNK,SBF,NC,t,CCSBT,catch,unknown,2332.48221054922
JPN,09.39,2023-01-01,2023-12-31,AT,UNK,SBF,NC,t,CCSBT,catch,unknown,1264.07657814817
JPN,09.39,2023-01-01,2023-12-31,IOTC,UNK,SBF,NC,t,CCSBT,catch,unknown,2318.70685899601
JPN,09.39,2023-01-01,2023-12-31,WCPFC,UNK,SBF,NC,t,CCSBT,catch,unknown,2752.21656294835
JPN,09.39,2024-01-01,2024-12-31,AT,UNK,SBF,NC,t,CCSBT,catch,unknown,1436.41548320662
JPN,09.39,2024-01-01,2024-12-31,IOTC,UNK,SBF,NC,t,CCSBT,catch,unknown,2067.03461871639
JPN,09.39,2024-01-01,2024-12-31,WCPFC,UNK,SBF,NC,t,CCSBT,catch,unknown,3001.54989963832
JPN,09.5,2006-01-01,2006-12-31,IOTC,UNK,SBF,NC,t,CCSBT,catch,unknown,0.1414
JPN,09.5,2007-01-01,2007-12-31,IOTC,UNK,SBF,NC,t,CCSBT,catch,unknown,0.1543
JPN,09.5,2008-01-01,2008-12-31,IOTC,UNK,SBF,NC,t,CCSBT,catch,unknown,0.1685
JPN,09.5,2009-01-01,2009-12-31,IOTC,UNK,SBF,NC,t,CCSBT,catch,unknown,0.2143
JPN,09.5,2010-01-01,2010-12-31,IOTC,UNK,SBF,NC,t,CCSBT,catch,unknown,0.0548
JPN,09.5,2011-01-01,2011-12-31,IOTC,UNK,SBF,NC,t,CCSBT,catch,unknown,0.7896
JPN,09.5,2012-01-01,2012-12-31,IOTC,UNK,SBF,NC,t,CCSBT,catch,unknown,0.3249
JPN,09.5,2013-01-01,2013-12-31,IOTC,UNK,SBF,NC,t,CCSBT,catch,unknown,0.2956
JPN,09.5,2016-01-01,2016-12-31,IOTC,UNK,SBF,NC,t,CCSBT,catch,unknown,0.5663
JPN,09.5,2017-01-01,2017-12-31,IOTC,UNK,SBF,NC,t,CCSBT,catch,unknown,0.281
JPN,09.5,2018-01-01,2018-12-31,IOTC,UNK,SBF,NC,t,CCSBT,catch,unknown,0.2291
JPN,09.5,2019-01-01,2019-12-31,IOTC,UNK,SBF,NC,t,CCSBT,catch,unknown,0.1926
JPN,09.5,2020-01-01,2020-12-31,IOTC,UNK,SBF,NC,t,CCSBT,catch,unknown,0.2386
JPN,09.5,2021-01-01,2021-12-31,IOTC,UNK,SBF,NC,t,CCSBT,catch,unknown,0.1264
JPN,09.5,2022-01-01,2022-12-31,IOTC,UNK,SBF,NC,t,CCSBT,catch,unknown,0.04534
JPN,09.5,2023-01-01,2023-12-31,IOTC,UNK,SBF,NC,t,CCSBT,catch,unknown,0.14241
JPN,09.5,2024-01-01,2024-12-31,IOTC,UNK,SBF,NC,t,CCSBT,catch,unknown,0.1671
JPN,10.9,2005-01-01,2005-12-31,IOTC,UNK,SBF,NC,t,CCSBT,catch,unknown,0.9568
JPN,10.9,2022-01-01,2022-12-31,IOTC,UNK,SBF,NC,t,CCSBT,catch,unknown,0.00456
KOR,09.39,1991-01-01,1991-12-31,IOTC,UNK,SBF,NC,t,CCSBT,catch,unknown,14.542682035
KOR,09.39,1991-01-01,1991-12-31,WCPFC,UNK,SBF,NC,t,CCSBT,catch,unknown,231.557317966
KOR,09.39,1992-01-01,1992-12-31,IOTC,UNK,SBF,NC,t,CCSBT,catch,unknown,41.399999999
KOR,09.39,1993-01-01,1993-12-31,AT,UNK,SBF,NC,t,CCSBT,catch,unknown,79.5702091684428
KOR,09.39,1993-01-01,1993-12-31,IOTC,UNK,SBF,NC,t,CCSBT,catch,unknown,12.4297908178934
KOR,09.39,1994-01-01,1994-12-31,AT,UNK,SBF,NC,t,CCSBT,catch,unknown,6.75295000921951
KOR,09.39,1994-01-01,1994-12-31,IOTC,UNK,SBF,NC,t,CCSBT,catch,unknown,130.097049959235
KOR,09.39,1995-01-01,1995-12-31,AT,UNK,SBF,NC,t,CCSBT,catch,unknown,23.571145525
KOR,09.39,1995-01-01,1995-12-31,IOTC,UNK,SBF,NC,t,CCSBT,catch,unknown,340.978854475
KOR,09.39,1996-01-01,1996-12-31,IOTC,UNK,SBF,NC,t,CCSBT,catch,unknown,1320.199999999
KOR,09.39,1997-01-01,1997-12-31,AT,UNK,SBF,NC,t,CCSBT,catch,unknown,32.242074781
KOR,09.39,1997-01-01,1997-12-31,IOTC,UNK,SBF,NC,t,CCSBT,catch,unknown,1391.457925217
KOR,09.39,1998-01-01,1998-12-31,AT,UNK,SBF,NC,t,CCSBT,catch,unknown,70.0313705977699
KOR,09.39,1998-01-01,1998-12-31,IOTC,UNK,SBF,NC,t,CCSBT,catch,unknown,1726.2686289122
KOR,09.39,1999-01-01,1999-12-31,AT,UNK,SBF,NC,t,CCSBT,catch,unknown,114.145757911
KOR,09.39,1999-01-01,1999-12-31,IOTC,UNK,SBF,NC,t,CCSBT,catch,unknown,1347.504242093
KOR,09.39,2000-01-01,2000-12-31,AT,UNK,SBF,NC,t,CCSBT,catch,unknown,211.35728163
KOR,09.39,2000-01-01,2000-12-31,IOTC,UNK,SBF,NC,t,CCSBT,catch,unknown,923.692718365
KOR,09.39,2001-01-01,2001-12-31,AT,UNK,SBF,NC,t,CCSBT,catch,unknown,73.192603835
KOR,09.39,2001-01-01,2001-12-31,IOTC,UNK,SBF,NC,t,CCSBT,catch,unknown,772.057396166
KOR,09.39,2002-01-01,2002-12-31,AT,UNK,SBF,NC,t,CCSBT,catch,unknown,102.960694153
KOR,09.39,2002-01-01,2002-12-31,IOTC,UNK,SBF,NC,t,CCSBT,catch,unknown,643.389305851
KOR,09.39,2003-01-01,2003-12-31,AT,UNK,SBF,NC,t,CCSBT,catch,unknown,97.086248787
KOR,09.39,2003-01-01,2003-12-31,IOTC,UNK,SBF,NC,t,CCSBT,catch,unknown,157.06375121
KOR,09.39,2004-01-01,2004-12-31,AT,UNK,SBF,NC,t,CCSBT,catch,unknown,4.206029584
KOR,09.39,2004-01-01,2004-12-31,IOTC,UNK,SBF,NC,t,CCSBT,catch,unknown,126.893970414
KOR,09.39,2005-01-01,2005-12-31,IOTC,UNK,SBF,NC,t,CCSBT,catch,unknown,37.95
KOR,09.39,2006-01-01,2006-12-31,AT,UNK,SBF,NC,t,CCSBT,catch,unknown,0.594120444
KOR,09.39,2006-01-01,2006-12-31,IOTC,UNK,SBF,NC,t,CCSBT,catch,unknown,148.905879556
KOR,09.39,2007-01-01,2007-12-31,AT,UNK,SBF,NC,t,CCSBT,catch,unknown,10.105194327
KOR,09.39,2007-01-01,2007-12-31,IOTC,UNK,SBF,NC,t,CCSBT,catch,unknown,510.844805673
KOR,09.39,2008-01-01,2008-12-31,AT,UNK,SBF,NC,t,CCSBT,catch,unknown,111.942302068
KOR,09.39,2008-01-01,2008-12-31,IOTC,UNK,SBF,NC,t,CCSBT,catch,unknown,1021.957697933
KOR,09.39,2009-01-01,2009-12-31,AT,UNK,SBF,NC,t,CCSBT,catch,unknown,112.050778564
KOR,09.39,2009-01-01,2009-12-31,IOTC,UNK,SBF,NC,t,CCSBT,catch,unknown,1004.599221438
KOR,09.39,2010-01-01,2010-12-31,AT,UNK,SBF,NC,t,CCSBT,catch,unknown,22.322994772
KOR,09.39,2010-01-01,2010-12-31,IOTC,UNK,SBF,NC,t,CCSBT,catch,unknown,845.08000523
KOR,09.39,2011-01-01,2011-12-31,AT,UNK,SBF,NC,t,CCSBT,catch,unknown,28.294872962
KOR,09.39,2011-01-01,2011-12-31,IOTC,UNK,SBF,NC,t,CCSBT,catch,unknown,677.07112704
KOR,09.39,2012-01-01,2012-12-31,AT,UNK,SBF,NC,t,CCSBT,catch,unknown,280.181532486
KOR,09.39,2012-01-01,2012-12-31,IOTC,UNK,SBF,NC,t,CCSBT,catch,unknown,641.818467516
KOR,09.39,2013-01-01,2013-12-31,AT,UNK,SBF,NC,t,CCSBT,catch,unknown,455.660747729
KOR,09.39,2013-01-01,2013-12-31,IOTC,UNK,SBF,NC,t,CCSBT,catch,unknown,461.969792271
KOR,09.39,2014-01-01,2014-12-31,AT,UNK,SBF,NC,t,CCSBT,catch,unknown,654.747078021
KOR,09.39,2014-01-01,2014-12-31,IOTC,UNK,SBF,NC,t,CCSBT,catch,unknown,389.51606198
KOR,09.39,2015-01-01,2015-12-31,AT,UNK,SBF,NC,t,CCSBT,catch,unknown,775.220816512
KOR,09.39,2015-01-01,2015-12-31,IOTC,UNK,SBF,NC,t,CCSBT,catch,unknown,275.351563488
KOR,09.39,2016-01-01,2016-12-31,AT,UNK,SBF,NC,t,CCSBT,catch,unknown,936.892237168
KOR,09.39,2016-01-01,2016-12-31,IOTC,UNK,SBF,NC,t,CCSBT,catch,unknown,183.651202833
KOR,09.39,2017-01-01,2017-12-31,AT,UNK,SBF,NC,t,CCSBT,catch,unknown,1050.415597335
KOR,09.39,2017-01-01,2017-12-31,IOTC,UNK,SBF,NC,t,CCSBT,catch,unknown,29.383682664
KOR,09.39,2018-01-01,2018-12-31,AT,UNK,SBF,NC,t,CCSBT,catch,unknown,1088.642504185
KOR,09.39,2018-01-01,2018-12-31,IOTC,UNK,SBF,NC,t,CCSBT,catch,unknown,179.785755816
KOR,09.39,2019-01-01,2019-12-31,AT,UNK,SBF,NC,t,CCSBT,catch,unknown,1191.341450795
KOR,09.39,2019-01-01,2019-12-31,IOTC,UNK,SBF,NC,t,CCSBT,catch,unknown,46.658549206
KOR,09.39,2020-01-01,2020-12-31,AT,UNK,SBF,NC,t,CCSBT,catch,unknown,310.380414865
KOR,09.39,2020-01-01,2020-12-31,IOTC,UNK,SBF,NC,t,CCSBT,catch,unknown,920.619585132
KOR,09.39,2021-01-01,2021-12-31,AT,UNK,SBF,NC,t,CCSBT,catch,unknown,1027.690391313
KOR,09.39,2021-01-01,2021-12-31,IOTC,UNK,SBF,NC,t,CCSBT,catch,unknown,213.309608687
KOR,09.39,2022-01-01,2022-12-31,AT,UNK,SBF,NC,t,CCSBT,catch,unknown,1024.624843489
KOR,09.39,2022-01-01,2022-12-31,IOTC,UNK,SBF,NC,t,CCSBT,catch,unknown,148.375156512
KOR,09.39,2023-01-01,2023-12-31,AT,UNK,SBF,NC,t,CCSBT,catch,unknown,1156.433463871
KOR,09.39,2023-01-01,2023-12-31,IOTC,UNK,SBF,NC,t,CCSBT,catch,unknown,148.566536132
KOR,09.39,2024-01-01,2024-12-31,AT,UNK,SBF,NC,t,CCSBT,catch,unknown,1390.359798393
KOR,09.39,2024-01-01,2024-12-31,IOTC,UNK,SBF,NC,t,CCSBT,catch,unknown,121.640201606
NEI,09.1,2002-01-01,2002-12-31,IOTC,UNK,SBF,NC,t,CCSBT,catch,unknown,1.0468
NEI,09.1,2003-01-01,2003-12-31,IOTC,UNK,SBF,NC,t,CCSBT,catch,unknown,0.292
NEI,09.1,2006-01-01,2006-12-31,IOTC,UNK,SBF,NC,t,CCSBT,catch,unknown,1.04947
NEI,09.1,2007-01-01,2007-12-31,IOTC,UNK,SBF,NC,t,CCSBT,catch,unknown,0.18775
NEI,09.39,1979-01-01,1979-12-31,IOTC,UNK,SBF,NC,t,CCSBT,catch,unknown,4.09222
NEI,09.39,1980-01-01,1980-12-31,IOTC,UNK,SBF,NC,t,CCSBT,catch,unknown,7.11421
NEI,09.39,1981-01-01,1981-12-31,IOTC,UNK,SBF,NC,t,CCSBT,catch,unknown,14.21683
NEI,09.39,1982-01-01,1982-12-31,IOTC,UNK,SBF,NC,t,CCSBT,catch,unknown,9.01845
NEI,09.39,1983-01-01,1983-12-31,IOTC,UNK,SBF,NC,t,CCSBT,catch,unknown,7.12876
NEI,09.39,1984-01-01,1984-12-31,IOTC,UNK,SBF,NC,t,CCSBT,catch,unknown,2.98853
NEI,09.39,1985-01-01,1985-12-31,IOTC,UNK,SBF,NC,t,CCSBT,catch,unknown,1.98164
NEI,09.39,1986-01-01,1986-12-31,IOTC,UNK,SBF,NC,t,CCSBT,catch,unknown,2.92101
NEI,09.39,1987-01-01,1987-12-31,IOTC,UNK,SBF,NC,t,CCSBT,catch,unknown,7.0644
NEI,09.39,1988-01-01,1988-12-31,IOTC,UNK,SBF,NC,t,CCSBT,catch,unknown,2.02511
NEI,09.39,1989-01-01,1989-12-31,IOTC,UNK,SBF,NC,t,CCSBT,catch,unknown,102.741
NEI,09.39,1990-01-01,1990-12-31,IOTC,UNK,SBF,NC,t,CCSBT,catch,unknown,4.3102
NEI,09.39,1991-01-01,1991-12-31,IOTC,UNK,SBF,NC,t,CCSBT,catch,unknown,96.6368
NEI,09.39,1992-01-01,1992-12-31,IOTC,UNK,SBF,NC,t,CCSBT,catch,unknown,73.4482
NEI,09.39,1993-01-01,1993-12-31,IOTC,UNK,SBF,NC,t,CCSBT,catch,unknown,14.6855
NEI,09.39,1994-01-01,1994-12-31,IOTC,UNK,SBF,NC,t,CCSBT,catch,unknown,54.48815
NEI,09.39,1995-01-01,1995-12-31,IOTC,UNK,SBF,NC,t,CCSBT,catch,unknown,200.71525
NEI,09.39,1996-01-01,1996-12-31,IOTC,UNK,SBF,NC,t,CCSBT,catch,unknown,294.57825
NEI,09.39,1997-01-01,1997-12-31,IOTC,UNK,SBF,NC,t,CCSBT,catch,unknown,333.0837
NEI,09.39,1998-01-01,1998-12-31,IOTC,UNK,SBF,NC,t,CCSBT,catch,unknown,470.64555
NEI,09.39,1999-01-01,1999-12-31,IOTC,UNK,SBF,NC,t,CCSBT,catch,unknown,403.38435
NEI,09.39,2000-01-01,2000-12-31,IOTC,UNK,SBF,NC,t,CCSBT,catch,unknown,31.4778
NEI,09.39,2001-01-01,2001-12-31,IOTC,UNK,SBF,NC,t,CCSBT,catch,unknown,40.94805
NEI,09.39,2002-01-01,2002-12-31,IOTC,UNK,SBF,NC,t,CCSBT,catch,unknown,203.251
NEI,09.39,2003-01-01,2003-12-31,IOTC,UNK,SBF,NC,t,CCSBT,catch,unknown,40.2546
NEI,09.39,2004-01-01,2004-12-31,IOTC,UNK,SBF,NC,t,CCSBT,catch,unknown,1.85725
NEI,09.5,2002-01-01,2002-12-31,IOTC,UNK,SBF,NC,t,CCSBT,catch,unknown,0.1094
NEI,09.5,2003-01-01,2003-12-31,IOTC,UNK,SBF,NC,t,CCSBT,catch,unknown,2.4522
NEI,09.5,2004-01-01,2004-12-31,IOTC,UNK,SBF,NC,t,CCSBT,catch,unknown,4.01605
NEI,09.5,2005-01-01,2005-12-31,IOTC,UNK,SBF,NC,t,CCSBT,catch,unknown,3.34237
NEI,09.5,2006-01-01,2006-12-31,IOTC,UNK,SBF,NC,t,CCSBT,catch,unknown,2.13812
NEI,09.5,2007-01-01,2007-12-31,IOTC,UNK,SBF,NC,t,CCSBT,catch,unknown,2.26884
NEI,10.9,2008-01-01,2008-12-31,IOTC,UNK,SBF,NC,t,CCSBT,catch,unknown,3.703
NEI,10.9,2017-01-01,2017-12-31,IOTC,UNK,SBF,NC,t,CCSBT,catch,unknown,0.33
NEI,10.9,2018-01-01,2018-12-31,IOTC,UNK,SBF,NC,t,CCSBT,catch,unknown,0.44
NEI,10.9,2019-01-01,2019-12-31,IOTC,UNK,SBF,NC,t,CCSBT,catch,unknown,0.252
NEI,10.9,2021-01-01,2021-12-31,IOTC,UNK,SBF,NC,t,CCSBT,catch,unknown,0.31
NEI,10.9,2022-01-01,2022-12-31,IOTC,UNK,SBF,NC,t,CCSBT,catch,unknown,0.233
NEI,10.9,2023-01-01,2023-12-31,IOTC,UNK,SBF,NC,t,CCSBT,catch,unknown,0.36
NEI,10.9,2024-01-01,2024-12-31,IOTC,UNK,SBF,NC,t,CCSBT,catch,unknown,0.271
NZL,09.1,1980-01-01,1980-12-31,WCPFC,UNK,SBF,NC,t,CCSBT,catch,unknown,130
NZL,09.1,1981-01-01,1981-12-31,WCPFC,UNK,SBF,NC,t,CCSBT,catch,unknown,173
NZL,09.1,1982-01-01,1982-12-31,WCPFC,UNK,SBF,NC,t,CCSBT,catch,unknown,305
NZL,09.1,1983-01-01,1983-12-31,WCPFC,UNK,SBF,NC,t,CCSBT,catch,unknown,132
NZL,09.1,1984-01-01,1984-12-31,WCPFC,UNK,SBF,NC,t,CCSBT,catch,unknown,93
NZL,09.1,1985-01-01,1985-12-31,WCPFC,UNK,SBF,NC,t,CCSBT,catch,unknown,94
NZL,09.1,1986-01-01,1986-12-31,WCPFC,UNK,SBF,NC,t,CCSBT,catch,unknown,82
NZL,09.1,1987-01-01,1987-12-31,WCPFC,UNK,SBF,NC,t,CCSBT,catch,unknown,59
NZL,09.1,1988-01-01,1988-12-31,WCPFC,UNK,SBF,NC,t,CCSBT,catch,unknown,94
NZL,09.1,1989-01-01,1989-12-31,WCPFC,UNK,SBF,NC,t,CCSBT,catch,unknown,109.394152218
NZL,09.1,1990-01-01,1990-12-31,WCPFC,UNK,SBF,NC,t,CCSBT,catch,unknown,262.676172918
NZL,09.1,1991-01-01,1991-12-31,WCPFC,UNK,SBF,NC,t,CCSBT,catch,unknown,35.474836926
NZL,09.1,1992-01-01,1992-12-31,WCPFC,UNK,SBF,NC,t,CCSBT,catch,unknown,47.828669087
NZL,09.1,1993-01-01,1993-12-31,WCPFC,UNK,SBF,NC,t,CCSBT,catch,unknown,19.647798793
NZL,09.1,1994-01-01,1994-12-31,WCPFC,UNK,SBF,NC,t,CCSBT,catch,unknown,3.992804962
NZL,09.1,1995-01-01,1995-12-31,WCPFC,UNK,SBF,NC,t,CCSBT,catch,unknown,16.742629871
NZL,09.1,1996-01-01,1996-12-31,WCPFC,UNK,SBF,NC,t,CCSBT,catch,unknown,8.478413641
NZL,09.1,1997-01-01,1997-12-31,WCPFC,UNK,SBF,NC,t,CCSBT,catch,unknown,4.732521258
NZL,09.1,1998-01-01,1998-12-31,WCPFC,UNK,SBF,NC,t,CCSBT,catch,unknown,1.649139946
NZL,09.1,1999-01-01,1999-12-31,WCPFC,UNK,SBF,NC,t,CCSBT,catch,unknown,1.774725134
NZL,09.1,2000-01-01,2000-12-31,WCPFC,UNK,SBF,NC,t,CCSBT,catch,unknown,0.167259252
NZL,09.1,2001-01-01,2001-12-31,WCPFC,UNK,SBF,NC,t,CCSBT,catch,unknown,0.068082129
NZL,09.1,2003-01-01,2003-12-31,WCPFC,UNK,SBF,NC,t,CCSBT,catch,unknown,0.166690979
NZL,09.1,2004-01-01,2004-12-31,WCPFC,UNK,SBF,NC,t,CCSBT,catch,unknown,0.6556108
NZL,09.1,2006-01-01,2006-12-31,WCPFC,UNK,SBF,NC,t,CCSBT,catch,unknown,2.196820359
NZL,09.1,2024-01-01,2024-12-31,WCPFC,UNK,SBF,NC,t,CCSBT,catch,unknown,0.714493028
NZL,09.39,1989-01-01,1989-12-31,WCPFC,UNK,SBF,NC,t,CCSBT,catch,unknown,296.6
NZL,09.39,1990-01-01,1990-12-31,WCPFC,UNK,SBF,NC,t,CCSBT,catch,unknown,245.789662797
NZL,09.39,1991-01-01,1991-12-31,WCPFC,UNK,SBF,NC,t,CCSBT,catch,unknown,128.345308455
NZL,09.39,1992-01-01,1992-12-31,WCPFC,UNK,SBF,NC,t,CCSBT,catch,unknown,226.995406478
NZL,09.39,1993-01-01,1993-12-31,WCPFC,UNK,SBF,NC,t,CCSBT,catch,unknown,196.902641882
NZL,09.39,1994-01-01,1994-12-31,WCPFC,UNK,SBF,NC,t,CCSBT,catch,unknown,272.629030926
NZL,09.39,1995-01-01,1995-12-31,WCPFC,UNK,SBF,NC,t,CCSBT,catch,unknown,410.672184075
NZL,09.39,1996-01-01,1996-12-31,WCPFC,UNK,SBF,NC,t,CCSBT,catch,unknown,127.837837391
NZL,09.39,1997-01-01,1997-12-31,WCPFC,UNK,SBF,NC,t,CCSBT,catch,unknown,297.736817372
NZL,09.39,1998-01-01,1998-12-31,WCPFC,UNK,SBF,NC,t,CCSBT,catch,unknown,322.525003967
NZL,09.39,1999-01-01,1999-12-31,WCPFC,UNK,SBF,NC,t,CCSBT,catch,unknown,455.826056277
NZL,09.39,2000-01-01,2000-12-31,WCPFC,UNK,SBF,NC,t,CCSBT,catch,unknown,379.496703741
NZL,09.39,2001-01-01,2001-12-31,IOTC,UNK,SBF,NC,t,CCSBT,catch,unknown,0.162549027
NZL,09.39,2001-01-01,2001-12-31,WCPFC,UNK,SBF,NC,t,CCSBT,catch,unknown,358.127969009
NZL,09.39,2002-01-01,2002-12-31,WCPFC,UNK,SBF,NC,t,CCSBT,catch,unknown,449.690793548
NZL,09.39,2003-01-01,2003-12-31,WCPFC,UNK,SBF,NC,t,CCSBT,catch,unknown,389.317463898
NZL,09.39,2004-01-01,2004-12-31,WCPFC,UNK,SBF,NC,t,CCSBT,catch,unknown,391.245489952
NZL,09.39,2005-01-01,2005-12-31,WCPFC,UNK,SBF,NC,t,CCSBT,catch,unknown,261.393011204
NZL,09.39,2006-01-01,2006-12-31,WCPFC,UNK,SBF,NC,t,CCSBT,catch,unknown,235.937338626
NZL,09.39,2007-01-01,2007-12-31,WCPFC,UNK,SBF,NC,t,CCSBT,catch,unknown,377.200860036
NZL,09.39,2008-01-01,2008-12-31,WCPFC,UNK,SBF,NC,t,CCSBT,catch,unknown,318.628999998
NZL,09.39,2009-01-01,2009-12-31,WCPFC,UNK,SBF,NC,t,CCSBT,catch,unknown,411.586732861
NZL,09.39,2010-01-01,2010-12-31,WCPFC,UNK,SBF,NC,t,CCSBT,catch,unknown,500.720025839
NZL,09.39,2011-01-01,2011-12-31,WCPFC,UNK,SBF,NC,t,CCSBT,catch,unknown,546.116372757
NZL,09.39,2012-01-01,2012-12-31,WCPFC,UNK,SBF,NC,t,CCSBT,catch,unknown,770.049471409
NZL,09.39,2013-01-01,2013-12-31,WCPFC,UNK,SBF,NC,t,CCSBT,catch,unknown,754.897538293
NZL,09.39,2014-01-01,2014-12-31,WCPFC,UNK,SBF,NC,t,CCSBT,catch,unknown,824.341797768
NZL,09.39,2015-01-01,2015-12-31,WCPFC,UNK,SBF,NC,t,CCSBT,catch,unknown,922.189662572
NZL,09.39,2016-01-01,2016-12-31,WCPFC,UNK,SBF,NC,t,CCSBT,catch,unknown,950.846000002
NZL,09.39,2017-01-01,2017-12-31,WCPFC,UNK,SBF,NC,t,CCSBT,catch,unknown,913.028280306
NZL,09.39,2018-01-01,2018-12-31,WCPFC,UNK,SBF,NC,t,CCSBT,catch,unknown,1008.009000002
NZL,09.39,2019-01-01,2019-12-31,WCPFC,UNK,SBF,NC,t,CCSBT,catch,unknown,959.234125604
NZL,09.39,2020-01-01,2020-12-31,WCPFC,UNK,SBF,NC,t,CCSBT,catch,unknown,852.736968605
NZL,09.39,2021-01-01,2021-12-31,WCPFC,UNK,SBF,NC,t,CCSBT,catch,unknown,786.770079768
NZL,09.39,2022-01-01,2022-12-31,WCPFC,UNK,SBF,NC,t,CCSBT,catch,unknown,852.470541123
NZL,09.39,2023-01-01,2023-12-31,WCPFC,UNK,SBF,NC,t,CCSBT,catch,unknown,1101.555577027
NZL,09.39,2024-01-01,2024-12-31,WCPFC,UNK,SBF,NC,t,CCSBT,catch,unknown,886.544478891
NZL,09.5,1989-01-01,1989-12-31,WCPFC,UNK,SBF,NC,t,CCSBT,catch,unknown,31.231847782
NZL,09.5,1990-01-01,1990-12-31,WCPFC,UNK,SBF,NC,t,CCSBT,catch,unknown,20.701164281
NZL,09.5,1991-01-01,1991-12-31,WCPFC,UNK,SBF,NC,t,CCSBT,catch,unknown,0.662854618
NZL,09.5,1992-01-01,1992-12-31,WCPFC,UNK,SBF,NC,t,CCSBT,catch,unknown,4.406924432
NZL,09.5,1993-01-01,1993-12-31,WCPFC,UNK,SBF,NC,t,CCSBT,catch,unknown,0.080559321
NZL,09.5,1994-01-01,1994-12-31,WCPFC,UNK,SBF,NC,t,CCSBT,catch,unknown,0.372164114
NZL,09.5,1995-01-01,1995-12-31,WCPFC,UNK,SBF,NC,t,CCSBT,catch,unknown,9.012186055
NZL,09.5,1996-01-01,1996-12-31,WCPFC,UNK,SBF,NC,t,CCSBT,catch,unknown,2.998748966
NZL,09.5,1997-01-01,1997-12-31,WCPFC,UNK,SBF,NC,t,CCSBT,catch,unknown,31.185661372
NZL,09.5,1998-01-01,1998-12-31,WCPFC,UNK,SBF,NC,t,CCSBT,catch,unknown,12.960856088
NZL,09.5,1999-01-01,1999-12-31,WCPFC,UNK,SBF,NC,t,CCSBT,catch,unknown,3.042218595
NZL,09.5,2000-01-01,2000-12-31,WCPFC,UNK,SBF,NC,t,CCSBT,catch,unknown,0.669037008
NZL,09.5,2001-01-01,2001-12-31,WCPFC,UNK,SBF,NC,t,CCSBT,catch,unknown,0.136399836
NZL,09.5,2002-01-01,2002-12-31,WCPFC,UNK,SBF,NC,t,CCSBT,catch,unknown,0.589206449
NZL,09.5,2003-01-01,2003-12-31,WCPFC,UNK,SBF,NC,t,CCSBT,catch,unknown,0.080845125
NZL,09.5,2004-01-01,2004-12-31,WCPFC,UNK,SBF,NC,t,CCSBT,catch,unknown,1.39389925
NZL,09.5,2005-01-01,2005-12-31,WCPFC,UNK,SBF,NC,t,CCSBT,catch,unknown,2.998988797
NZL,09.5,2006-01-01,2006-12-31,WCPFC,UNK,SBF,NC,t,CCSBT,catch,unknown,0.109841018
NZL,09.5,2007-01-01,2007-12-31,WCPFC,UNK,SBF,NC,t,CCSBT,catch,unknown,1.341139964
NZL,09.5,2009-01-01,2009-12-31,WCPFC,UNK,SBF,NC,t,CCSBT,catch,unknown,7.156267138
NZL,09.5,2010-01-01,2010-12-31,WCPFC,UNK,SBF,NC,t,CCSBT,catch,unknown,0.100974159
NZL,09.5,2011-01-01,2011-12-31,WCPFC,UNK,SBF,NC,t,CCSBT,catch,unknown,0.940627242
NZL,09.5,2012-01-01,2012-12-31,WCPFC,UNK,SBF,NC,t,CCSBT,catch,unknown,5.457528593
NZL,09.5,2013-01-01,2013-12-31,WCPFC,UNK,SBF,NC,t,CCSBT,catch,unknown,0.884461709
NZL,09.5,2014-01-01,2014-12-31,WCPFC,UNK,SBF,NC,t,CCSBT,catch,unknown,1.217202228
NZL,09.5,2015-01-01,2015-12-31,WCPFC,UNK,SBF,NC,t,CCSBT,catch,unknown,0.100337426
NZL,09.5,2017-01-01,2017-12-31,WCPFC,UNK,SBF,NC,t,CCSBT,catch,unknown,0.299719697
NZL,09.5,2019-01-01,2019-12-31,WCPFC,UNK,SBF,NC,t,CCSBT,catch,unknown,0.135874399
NZL,09.5,2020-01-01,2020-12-31,WCPFC,UNK,SBF,NC,t,CCSBT,catch,unknown,0.441031399
NZL,09.5,2021-01-01,2021-12-31,WCPFC,UNK,SBF,NC,t,CCSBT,catch,unknown,1.176920233
NZL,09.5,2022-01-01,2022-12-31,WCPFC,UNK,SBF,NC,t,CCSBT,catch,unknown,22.936458878
NZL,09.5,2023-01-01,2023-12-31,WCPFC,UNK,SBF,NC,t,CCSBT,catch,unknown,1.194422974
NZL,09.5,2024-01-01,2024-12-31,WCPFC,UNK,SBF,NC,t,CCSBT,catch,unknown,3.59502808
NZL,10.9,2007-01-01,2007-12-31,WCPFC,UNK,SBF,NC,t,CCSBT,catch,unknown,4.025
NZL,10.9,2008-01-01,2008-12-31,WCPFC,UNK,SBF,NC,t,CCSBT,catch,unknown,0.4
NZL,10.9,2009-01-01,2009-12-31,WCPFC,UNK,SBF,NC,t,CCSBT,catch,unknown,0.1
NZL,10.9,2011-01-01,2011-12-31,WCPFC,UNK,SBF,NC,t,CCSBT,catch,unknown,0.1
NZL,10.9,2012-01-01,2012-12-31,WCPFC,UNK,SBF,NC,t,CCSBT,catch,unknown,0.131
NZL,10.9,2013-01-01,2013-12-31,WCPFC,UNK,SBF,NC,t,CCSBT,catch,unknown,0.55
NZL,10.9,2015-01-01,2015-12-31,WCPFC,UNK,SBF,NC,t,CCSBT,catch,unknown,1.05
NZL,10.9,2016-01-01,2016-12-31,WCPFC,UNK,SBF,NC,t,CCSBT,catch,unknown,1.127
NZL,10.9,2017-01-01,2017-12-31,WCPFC,UNK,SBF,NC,t,CCSBT,catch,unknown,21.45
NZL,10.9,2018-01-01,2018-12-31,WCPFC,UNK,SBF,NC,t,CCSBT,catch,unknown,12.3
NZL,10.9,2019-01-01,2019-12-31,WCPFC,UNK,SBF,NC,t,CCSBT,catch,unknown,1.821
NZL,10.9,2020-01-01,2020-12-31,WCPFC,UNK,SBF,NC,t,CCSBT,catch,unknown,49.7
NZL,10.9,2021-01-01,2021-12-31,WCPFC,UNK,SBF,NC,t,CCSBT,catch,unknown,57.2
NZL,10.9,2022-01-01,2022-12-31,WCPFC,UNK,SBF,NC,t,CCSBT,catch,unknown,59.8
NZL,10.9,2023-01-01,2023-12-31,WCPFC,UNK,SBF,NC,t,CCSBT,catch,unknown,69.3
NZL,10.9,2024-01-01,2024-12-31,WCPFC,UNK,SBF,NC,t,CCSBT,catch,unknown,57.48
PHL,09.39,1996-01-01,1996-12-31,IOTC,UNK,SBF,NC,t,CCSBT,catch,unknown,0.2093
PHL,09.39,1998-01-01,1998-12-31,IOTC,UNK,SBF,NC,t,CCSBT,catch,unknown,5.07725
PHL,09.39,1999-01-01,1999-12-31,IOTC,UNK,SBF,NC,t,CCSBT,catch,unknown,79.5455
PHL,09.39,2000-01-01,2000-12-31,IOTC,UNK,SBF,NC,t,CCSBT,catch,unknown,17.29715
PHL,09.39,2001-01-01,2001-12-31,IOTC,UNK,SBF,NC,t,CCSBT,catch,unknown,42.8421
PHL,09.39,2002-01-01,2002-12-31,IOTC,UNK,SBF,NC,t,CCSBT,catch,unknown,79.4857
PHL,09.39,2002-01-01,2002-12-31,WCPFC,UNK,SBF,NC,t,CCSBT,catch,unknown,2.3
PHL,09.39,2003-01-01,2003-12-31,IOTC,UNK,SBF,NC,t,CCSBT,catch,unknown,64.975
PHL,09.39,2003-01-01,2003-12-31,WCPFC,UNK,SBF,NC,t,CCSBT,catch,unknown,2.852
PHL,09.39,2004-01-01,2004-12-31,AT,UNK,SBF,NC,t,CCSBT,catch,unknown,22.6067
PHL,09.39,2004-01-01,2004-12-31,IOTC,UNK,SBF,NC,t,CCSBT,catch,unknown,57.54485
PHL,09.39,2005-01-01,2005-12-31,IOTC,UNK,SBF,NC,t,CCSBT,catch,unknown,52.93335
PHL,09.39,2006-01-01,2006-12-31,IOTC,UNK,SBF,NC,t,CCSBT,catch,unknown,50.4068
PHL,09.39,2007-01-01,2007-12-31,IOTC,UNK,SBF,NC,t,CCSBT,catch,unknown,45.9195
PHL,09.39,2008-01-01,2008-12-31,IOTC,UNK,SBF,NC,t,CCSBT,catch,unknown,44.9351
PHL,09.39,2009-01-01,2009-12-31,IOTC,UNK,SBF,NC,t,CCSBT,catch,unknown,47.0097
PHL,09.39,2010-01-01,2010-12-31,IOTC,UNK,SBF,NC,t,CCSBT,catch,unknown,42.54425
PHL,09.39,2011-01-01,2011-12-31,IOTC,UNK,SBF,NC,t,CCSBT,catch,unknown,44.99605
PHL,09.39,2012-01-01,2012-12-31,IOTC,UNK,SBF,NC,t,CCSBT,catch,unknown,45.5032
PHL,09.39,2013-01-01,2013-12-31,IOTC,UNK,SBF,NC,t,CCSBT,catch,unknown,45.5032
PHL,09.39,2014-01-01,2014-12-31,IOTC,UNK,SBF,NC,t,CCSBT,catch,unknown,44.61195
TWN,07.2,1982-01-01,1982-12-31,IOTC,UNK,SBF,NC,t,CCSBT,catch,unknown,11
TWN,07.2,1983-01-01,1983-12-31,IOTC,UNK,SBF,NC,t,CCSBT,catch,unknown,12
TWN,07.2,1985-01-01,1985-12-31,IOTC,UNK,SBF,NC,t,CCSBT,catch,unknown,66.999721993
TWN,07.2,1986-01-01,1986-12-31,IOTC,UNK,SBF,NC,t,CCSBT,catch,unknown,81.000157588
TWN,07.2,1987-01-01,1987-12-31,IOTC,UNK,SBF,NC,t,CCSBT,catch,unknown,87.000490144
TWN,07.2,1988-01-01,1988-12-31,IOTC,UNK,SBF,NC,t,CCSBT,catch,unknown,234.000820096
TWN,07.2,1989-01-01,1989-12-31,IOTC,UNK,SBF,NC,t,CCSBT,catch,unknown,318.999542653
TWN,07.2,1990-01-01,1990-12-31,IOTC,UNK,SBF,NC,t,CCSBT,catch,unknown,304.999481734
TWN,07.2,1991-01-01,1991-12-31,IOTC,UNK,SBF,NC,t,CCSBT,catch,unknown,107
TWN,07.2,1992-01-01,1992-12-31,IOTC,UNK,SBF,NC,t,CCSBT,catch,unknown,2.99999509
TWN,09.39,1969-01-01,1969-12-31,IOTC,UNK,SBF,NC,t,CCSBT,catch,unknown,80
TWN,09.39,1970-01-01,1970-12-31,IOTC,UNK,SBF,NC,t,CCSBT,catch,unknown,130
TWN,09.39,1971-01-01,1971-12-31,IOTC,UNK,SBF,NC,t,CCSBT,catch,unknown,30
TWN,09.39,1972-01-01,1972-12-31,IOTC,UNK,SBF,NC,t,CCSBT,catch,unknown,70
TWN,09.39,1973-01-01,1973-12-31,IOTC,UNK,SBF,NC,t,CCSBT,catch,unknown,90
TWN,09.39,1974-01-01,1974-12-31,IOTC,UNK,SBF,NC,t,CCSBT,catch,unknown,100
TWN,09.39,1975-01-01,1975-12-31,IOTC,UNK,SBF,NC,t,CCSBT,catch,unknown,15
TWN,09.39,1976-01-01,1976-12-31,IOTC,UNK,SBF,NC,t,CCSBT,catch,unknown,15
TWN,09.39,1977-01-01,1977-12-31,IOTC,UNK,SBF,NC,t,CCSBT,catch,unknown,5
TWN,09.39,1978-01-01,1978-12-31,IOTC,UNK,SBF,NC,t,CCSBT,catch,unknown,80
TWN,09.39,1979-01-01,1979-12-31,IOTC,UNK,SBF,NC,t,CCSBT,catch,unknown,53
TWN,09.39,1980-01-01,1980-12-31,IOTC,UNK,SBF,NC,t,CCSBT,catch,unknown,64
TWN,09.39,1981-01-01,1981-12-31,AT,UNK,SBF,NC,t,CCSBT,catch,unknown,35.201382626
TWN,09.39,1981-01-01,1981-12-31,IOTC,UNK,SBF,NC,t,CCSBT,catch,unknown,56.299611957
TWN,09.39,1981-01-01,1981-12-31,WCPFC,UNK,SBF,NC,t,CCSBT,catch,unknown,0.499005424
TWN,09.39,1982-01-01,1982-12-31,AT,UNK,SBF,NC,t,CCSBT,catch,unknown,9.285
TWN,09.39,1982-01-01,1982-12-31,IOTC,UNK,SBF,NC,t,CCSBT,catch,unknown,161.715
TWN,09.39,1983-01-01,1983-12-31,AT,UNK,SBF,NC,t,CCSBT,catch,unknown,30.236
TWN,09.39,1983-01-01,1983-12-31,IOTC,UNK,SBF,NC,t,CCSBT,catch,unknown,118.764
TWN,09.39,1984-01-01,1984-12-31,AT,UNK,SBF,NC,t,CCSBT,catch,unknown,0.595002438
TWN,09.39,1984-01-01,1984-12-31,IOTC,UNK,SBF,NC,t,CCSBT,catch,unknown,243.404997567
TWN,09.39,1985-01-01,1985-12-31,AT,UNK,SBF,NC,t,CCSBT,catch,unknown,95.012605755
TWN,09.39,1985-01-01,1985-12-31,IOTC,UNK,SBF,NC,t,CCSBT,catch,unknown,78.98767225
TWN,09.39,1986-01-01,1986-12-31,AT,UNK,SBF,NC,t,CCSBT,catch,unknown,216.499421205
TWN,09.39,1986-01-01,1986-12-31,IOTC,UNK,SBF,NC,t,CCSBT,catch,unknown,216.500421206
TWN,09.39,1987-01-01,1987-12-31,AT,UNK,SBF,NC,t,CCSBT,catch,unknown,101.857573845
TWN,09.39,1987-01-01,1987-12-31,IOTC,UNK,SBF,NC,t,CCSBT,catch,unknown,521.141936009
TWN,09.39,1988-01-01,1988-12-31,AT,UNK,SBF,NC,t,CCSBT,catch,unknown,28.417099593
TWN,09.39,1988-01-01,1988-12-31,IOTC,UNK,SBF,NC,t,CCSBT,catch,unknown,593.582080311
TWN,09.39,1989-01-01,1989-12-31,AT,UNK,SBF,NC,t,CCSBT,catch,unknown,19.169972517
TWN,09.39,1989-01-01,1989-12-31,IOTC,UNK,SBF,NC,t,CCSBT,catch,unknown,1056.830484832
TWN,09.39,1990-01-01,1990-12-31,AT,UNK,SBF,NC,t,CCSBT,catch,unknown,16.634971733
TWN,09.39,1990-01-01,1990-12-31,IOTC,UNK,SBF,NC,t,CCSBT,catch,unknown,855.365546533
TWN,09.39,1991-01-01,1991-12-31,AT,UNK,SBF,NC,t,CCSBT,catch,unknown,232.966
TWN,09.39,1991-01-01,1991-12-31,IOTC,UNK,SBF,NC,t,CCSBT,catch,unknown,1120.034
TWN,09.39,1992-01-01,1992-12-31,AT,UNK,SBF,NC,t,CCSBT,catch,unknown,46.263924281
TWN,09.39,1992-01-01,1992-12-31,IOTC,UNK,SBF,NC,t,CCSBT,catch,unknown,1172.736080628
TWN,09.39,1993-01-01,1993-12-31,AT,UNK,SBF,NC,t,CCSBT,catch,unknown,107.960225388
TWN,09.39,1993-01-01,1993-12-31,IOTC,UNK,SBF,NC,t,CCSBT,catch,unknown,850.039774611
TWN,09.39,1994-01-01,1994-12-31,AT,UNK,SBF,NC,t,CCSBT,catch,unknown,56.489
TWN,09.39,1994-01-01,1994-12-31,IOTC,UNK,SBF,NC,t,CCSBT,catch,unknown,963.511
TWN,09.39,1995-01-01,1995-12-31,AT,UNK,SBF,NC,t,CCSBT,catch,unknown,583.513038829
TWN,09.39,1995-01-01,1995-12-31,IOTC,UNK,SBF,NC,t,CCSBT,catch,unknown,847.486961176
TWN,09.39,1996-01-01,1996-12-31,AT,UNK,SBF,NC,t,CCSBT,catch,unknown,24.359983396
TWN,09.39,1996-01-01,1996-12-31,IOTC,UNK,SBF,NC,t,CCSBT,catch,unknown,1442.64001661
TWN,09.39,1997-01-01,1997-12-31,AT,UNK,SBF,NC,t,CCSBT,catch,unknown,88.746407092
TWN,09.39,1997-01-01,1997-12-31,IOTC,UNK,SBF,NC,t,CCSBT,catch,unknown,782.911591338
TWN,09.39,1997-01-01,1997-12-31,WCPFC,UNK,SBF,NC,t,CCSBT,catch,unknown,0.342001569
TWN,09.39,1998-01-01,1998-12-31,AT,UNK,SBF,NC,t,CCSBT,catch,unknown,42.184145865
TWN,09.39,1998-01-01,1998-12-31,IOTC,UNK,SBF,NC,t,CCSBT,catch,unknown,1396.545828987
TWN,09.39,1998-01-01,1998-12-31,WCPFC,UNK,SBF,NC,t,CCSBT,catch,unknown,7.270025138
TWN,09.39,1999-01-01,1999-12-31,AT,UNK,SBF,NC,t,CCSBT,catch,unknown,30.299879843
TWN,09.39,1999-01-01,1999-12-31,IOTC,UNK,SBF,NC,t,CCSBT,catch,unknown,1482.700120161
TWN,09.39,2000-01-01,2000-12-31,AT,UNK,SBF,NC,t,CCSBT,catch,unknown,23.975033114
TWN,09.39,2000-01-01,2000-12-31,IOTC,UNK,SBF,NC,t,CCSBT,catch,unknown,1423.831966616
TWN,09.39,2000-01-01,2000-12-31,WCPFC,UNK,SBF,NC,t,CCSBT,catch,unknown,0.193000267
TWN,09.39,2001-01-01,2001-12-31,AT,UNK,SBF,NC,t,CCSBT,catch,unknown,222.920705443
TWN,09.39,2001-01-01,2001-12-31,IOTC,UNK,SBF,NC,t,CCSBT,catch,unknown,1357.079294559
TWN,09.39,2002-01-01,2002-12-31,AT,UNK,SBF,NC,t,CCSBT,catch,unknown,15.8
TWN,09.39,2002-01-01,2002-12-31,IOTC,UNK,SBF,NC,t,CCSBT,catch,unknown,1121.2
TWN,09.39,2003-01-01,2003-12-31,AT,UNK,SBF,NC,t,CCSBT,catch,unknown,170.254957898
TWN,09.39,2003-01-01,2003-12-31,IOTC,UNK,SBF,NC,t,CCSBT,catch,unknown,956.708048505
TWN,09.39,2003-01-01,2003-12-31,WCPFC,UNK,SBF,NC,t,CCSBT,catch,unknown,1.530993596
TWN,09.39,2004-01-01,2004-12-31,AT,UNK,SBF,NC,t,CCSBT,catch,unknown,16.946410389
TWN,09.39,2004-01-01,2004-12-31,IOTC,UNK,SBF,NC,t,CCSBT,catch,unknown,1279.549020472
TWN,09.39,2004-01-01,2004-12-31,WCPFC,UNK,SBF,NC,t,CCSBT,catch,unknown,1.504569139
TWN,09.39,2005-01-01,2005-12-31,AT,UNK,SBF,NC,t,CCSBT,catch,unknown,2.46725433
TWN,09.39,2005-01-01,2005-12-31,IOTC,UNK,SBF,NC,t,CCSBT,catch,unknown,937.047592575
TWN,09.39,2005-01-01,2005-12-31,WCPFC,UNK,SBF,NC,t,CCSBT,catch,unknown,1.485153093
TWN,09.39,2006-01-01,2006-12-31,IOTC,UNK,SBF,NC,t,CCSBT,catch,unknown,845.212629583
TWN,09.39,2006-01-01,2006-12-31,WCPFC,UNK,SBF,NC,t,CCSBT,catch,unknown,0.787370417
TWN,09.39,2007-01-01,2007-12-31,IOTC,UNK,SBF,NC,t,CCSBT,catch,unknown,840.647146431
TWN,09.39,2007-01-01,2007-12-31,WCPFC,UNK,SBF,NC,t,CCSBT,catch,unknown,0.352853572
TWN,09.39,2008-01-01,2008-12-31,AT,UNK,SBF,NC,t,CCSBT,catch,unknown,3.398519815
TWN,09.39,2008-01-01,2008-12-31,IOTC,UNK,SBF,NC,t,CCSBT,catch,unknown,908.577624848
TWN,09.39,2008-01-01,2008-12-31,WCPFC,UNK,SBF,NC,t,CCSBT,catch,unknown,1.023855338
TWN,09.39,2009-01-01,2009-12-31,AT,UNK,SBF,NC,t,CCSBT,catch,unknown,2.530555018
TWN,09.39,2009-01-01,2009-12-31,IOTC,UNK,SBF,NC,t,CCSBT,catch,unknown,913.613379917
TWN,09.39,2009-01-01,2009-12-31,WCPFC,UNK,SBF,NC,t,CCSBT,catch,unknown,4.856065065
TWN,09.39,2010-01-01,2010-12-31,AT,UNK,SBF,NC,t,CCSBT,catch,unknown,5.257077403
TWN,09.39,2010-01-01,2010-12-31,IOTC,UNK,SBF,NC,t,CCSBT,catch,unknown,1198.203719218
TWN,09.39,2010-01-01,2010-12-31,WCPFC,UNK,SBF,NC,t,CCSBT,catch,unknown,4.539203384
TWN,09.39,2011-01-01,2011-12-31,AT,UNK,SBF,NC,t,CCSBT,catch,unknown,11.670686445
TWN,09.39,2011-01-01,2011-12-31,IOTC,UNK,SBF,NC,t,CCSBT,catch,unknown,516.82297912
TWN,09.39,2011-01-01,2011-12-31,WCPFC,UNK,SBF,NC,t,CCSBT,catch,unknown,4.506334431
TWN,09.39,2012-01-01,2012-12-31,AT,UNK,SBF,NC,t,CCSBT,catch,unknown,16.686552228
TWN,09.39,2012-01-01,2012-12-31,IOTC,UNK,SBF,NC,t,CCSBT,catch,unknown,469.595104303
TWN,09.39,2012-01-01,2012-12-31,WCPFC,UNK,SBF,NC,t,CCSBT,catch,unknown,7.718343468
TWN,09.39,2013-01-01,2013-12-31,AT,UNK,SBF,NC,t,CCSBT,catch,unknown,16.825815655
TWN,09.39,2013-01-01,2013-12-31,IOTC,UNK,SBF,NC,t,CCSBT,catch,unknown,975.59931116
TWN,09.39,2013-01-01,2013-12-31,WCPFC,UNK,SBF,NC,t,CCSBT,catch,unknown,11.574873183
TWN,09.39,2014-01-01,2014-12-31,AT,UNK,SBF,NC,t,CCSBT,catch,unknown,12.451586186
TWN,09.39,2014-01-01,2014-12-31,IOTC,UNK,SBF,NC,t,CCSBT,catch,unknown,917.463144324
TWN,09.39,2014-01-01,2014-12-31,WCPFC,UNK,SBF,NC,t,CCSBT,catch,unknown,14.085269487
TWN,09.39,2015-01-01,2015-12-31,AT,UNK,SBF,NC,t,CCSBT,catch,unknown,8.505006414
TWN,09.39,2015-01-01,2015-12-31,IOTC,UNK,SBF,NC,t,CCSBT,catch,unknown,1139.907776003
TWN,09.39,2015-01-01,2015-12-31,WCPFC,UNK,SBF,NC,t,CCSBT,catch,unknown,13.587217578
TWN,09.39,2016-01-01,2016-12-31,AT,UNK,SBF,NC,t,CCSBT,catch,unknown,9.01290739
TWN,09.39,2016-01-01,2016-12-31,IOTC,UNK,SBF,NC,t,CCSBT,catch,unknown,1011.781381096
TWN,09.39,2016-01-01,2016-12-31,WCPFC,UNK,SBF,NC,t,CCSBT,catch,unknown,2.20571152
TWN,09.39,2017-01-01,2017-12-31,AT,UNK,SBF,NC,t,CCSBT,catch,unknown,4.219493808
TWN,09.39,2017-01-01,2017-12-31,IOTC,UNK,SBF,NC,t,CCSBT,catch,unknown,1166.780506189
TWN,09.39,2018-01-01,2018-12-31,AT,UNK,SBF,NC,t,CCSBT,catch,unknown,6.708178613
TWN,09.39,2018-01-01,2018-12-31,IOTC,UNK,SBF,NC,t,CCSBT,catch,unknown,1211.291821385
TWN,09.39,2019-01-01,2019-12-31,AT,UNK,SBF,NC,t,CCSBT,catch,unknown,4.314754245
TWN,09.39,2019-01-01,2019-12-31,IOTC,UNK,SBF,NC,t,CCSBT,catch,unknown,1224.685245752
TWN,09.39,2020-01-01,2020-12-31,AT,UNK,SBF,NC,t,CCSBT,catch,unknown,2.596667781
TWN,09.39,2020-01-01,2020-12-31,IOTC,UNK,SBF,NC,t,CCSBT,catch,unknown,1112.524106118
TWN,09.39,2020-01-01,2020-12-31,WCPFC,UNK,SBF,NC,t,CCSBT,catch,unknown,0.879226109
TWN,09.39,2021-01-01,2021-12-31,AT,UNK,SBF,NC,t,CCSBT,catch,unknown,1.994401993
TWN,09.39,2021-01-01,2021-12-31,IOTC,UNK,SBF,NC,t,CCSBT,catch,unknown,1272.005598009
TWN,09.39,2022-01-01,2022-12-31,AT,UNK,SBF,NC,t,CCSBT,catch,unknown,3.330128858
TWN,09.39,2022-01-01,2022-12-31,IOTC,UNK,SBF,NC,t,CCSBT,catch,unknown,1314.66987114
TWN,09.39,2023-01-01,2023-12-31,AT,UNK,SBF,NC,t,CCSBT,catch,unknown,2.349648071
TWN,09.39,2023-01-01,2023-12-31,IOTC,UNK,SBF,NC,t,CCSBT,catch,unknown,1129.584811085
TWN,09.39,2023-01-01,2023-12-31,WCPFC,UNK,SBF,NC,t,CCSBT,catch,unknown,3.065540844
TWN,09.39,2024-01-01,2024-12-31,AT,UNK,SBF,NC,t,CCSBT,catch,unknown,3.358684735
TWN,09.39,2024-01-01,2024-12-31,IOTC,UNK,SBF,NC,t,CCSBT,catch,unknown,1326.030531505
TWN,09.39,2024-01-01,2024-12-31,WCPFC,UNK,SBF,NC,t,CCSBT,catch,unknown,23.610783766
ZAF,09.1,2016-01-01,2016-12-31,AT,UNK,SBF,NC,t,CCSBT,catch,unknown,2.3414
ZAF,09.1,2018-01-01,2018-12-31,AT,UNK,SBF,NC,t,CCSBT,catch,unknown,2.210663918
ZAF,09.1,2019-01-01,2019-12-31,AT,UNK,SBF,NC,t,CCSBT,catch,unknown,1.379999758
ZAF,09.1,2020-01-01,2020-12-31,AT,UNK,SBF,NC,t,CCSBT,catch,unknown,1.989508044
ZAF,09.1,2021-01-01,2021-12-31,AT,UNK,SBF,NC,t,CCSBT,catch,unknown,1.380003831
ZAF,09.1,2022-01-01,2022-12-31,AT,UNK,SBF,NC,t,CCSBT,catch,unknown,0.783151707
ZAF,09.1,2024-01-01,2024-12-31,AT,UNK,SBF,NC,t,CCSBT,catch,unknown,0.433782527
ZAF,09.39,1965-01-01,1965-12-31,IOTC,UNK,SBF,NC,t,CCSBT,catch,unknown,2
ZAF,09.39,1966-01-01,1966-12-31,IOTC,UNK,SBF,NC,t,CCSBT,catch,unknown,4.2
ZAF,09.39,1967-01-01,1967-12-31,IOTC,UNK,SBF,NC,t,CCSBT,catch,unknown,5.3
ZAF,09.39,1998-01-01,1998-12-31,IOTC,UNK,SBF,NC,t,CCSBT,catch,unknown,1
ZAF,09.39,1999-01-01,1999-12-31,IOTC,UNK,SBF,NC,t,CCSBT,catch,unknown,0.5
ZAF,09.39,2000-01-01,2000-12-31,IOTC,UNK,SBF,NC,t,CCSBT,catch,unknown,3.7
ZAF,09.39,2001-01-01,2001-12-31,IOTC,UNK,SBF,NC,t,CCSBT,catch,unknown,0.5
ZAF,09.39,2002-01-01,2002-12-31,IOTC,UNK,SBF,NC,t,CCSBT,catch,unknown,17.8
ZAF,09.39,2003-01-01,2003-12-31,IOTC,UNK,SBF,NC,t,CCSBT,catch,unknown,14.7
ZAF,09.39,2004-01-01,2004-12-31,IOTC,UNK,SBF,NC,t,CCSBT,catch,unknown,19
ZAF,09.39,2005-01-01,2005-12-31,AT,UNK,SBF,NC,t,CCSBT,catch,unknown,1.32615
ZAF,09.39,2005-01-01,2005-12-31,IOTC,UNK,SBF,NC,t,CCSBT,catch,unknown,27.8487
ZAF,09.39,2006-01-01,2006-12-31,AT,UNK,SBF,NC,t,CCSBT,catch,unknown,2.556
ZAF,09.39,2006-01-01,2006-12-31,IOTC,UNK,SBF,NC,t,CCSBT,catch,unknown,12.6414
ZAF,09.39,2007-01-01,2007-12-31,AT,UNK,SBF,NC,t,CCSBT,catch,unknown,6.43695
ZAF,09.39,2007-01-01,2007-12-31,IOTC,UNK,SBF,NC,t,CCSBT,catch,unknown,51.35985
ZAF,09.39,2008-01-01,2008-12-31,AT,UNK,SBF,NC,t,CCSBT,catch,unknown,28.2417
ZAF,09.39,2008-01-01,2008-12-31,IOTC,UNK,SBF,NC,t,CCSBT,catch,unknown,16.1035
ZAF,09.39,2009-01-01,2009-12-31,AT,UNK,SBF,NC,t,CCSBT,catch,unknown,1.03145
ZAF,09.39,2009-01-01,2009-12-31,IOTC,UNK,SBF,NC,t,CCSBT,catch,unknown,39.0818
ZAF,09.39,2010-01-01,2010-12-31,AT,UNK,SBF,NC,t,CCSBT,catch,unknown,46.6578
ZAF,09.39,2010-01-01,2010-12-31,IOTC,UNK,SBF,NC,t,CCSBT,catch,unknown,7.75005
ZAF,09.39,2011-01-01,2011-12-31,AT,UNK,SBF,NC,t,CCSBT,catch,unknown,15.8562
ZAF,09.39,2011-01-01,2011-12-31,IOTC,UNK,SBF,NC,t,CCSBT,catch,unknown,47.80275
ZAF,09.39,2012-01-01,2012-12-31,AT,UNK,SBF,NC,t,CCSBT,catch,unknown,14.1822
ZAF,09.39,2012-01-01,2012-12-31,IOTC,UNK,SBF,NC,t,CCSBT,catch,unknown,95.6241
ZAF,09.39,2013-01-01,2013-12-31,AT,UNK,SBF,NC,t,CCSBT,catch,unknown,26.5644
ZAF,09.39,2013-01-01,2013-12-31,IOTC,UNK,SBF,NC,t,CCSBT,catch,unknown,40.7467
ZAF,09.39,2014-01-01,2014-12-31,AT,UNK,SBF,NC,t,CCSBT,catch,unknown,42.8202
ZAF,09.39,2014-01-01,2014-12-31,IOTC,UNK,SBF,NC,t,CCSBT,catch,unknown,13.6442
ZAF,09.39,2015-01-01,2015-12-31,AT,UNK,SBF,NC,t,CCSBT,catch,unknown,46.6866
ZAF,09.39,2015-01-01,2015-12-31,IOTC,UNK,SBF,NC,t,CCSBT,catch,unknown,16.1982
ZAF,09.39,2016-01-01,2016-12-31,AT,UNK,SBF,NC,t,CCSBT,catch,unknown,37.6506
ZAF,09.39,2016-01-01,2016-12-31,IOTC,UNK,SBF,NC,t,CCSBT,catch,unknown,24.108
ZAF,09.39,2017-01-01,2017-12-31,AT,UNK,SBF,NC,t,CCSBT,catch,unknown,83.813670076
ZAF,09.39,2017-01-01,2017-12-31,IOTC,UNK,SBF,NC,t,CCSBT,catch,unknown,52.585329923
ZAF,09.39,2018-01-01,2018-12-31,AT,UNK,SBF,NC,t,CCSBT,catch,unknown,147.837162633
ZAF,09.39,2018-01-01,2018-12-31,IOTC,UNK,SBF,NC,t,CCSBT,catch,unknown,57.084413447
ZAF,09.39,2019-01-01,2019-12-31,AT,UNK,SBF,NC,t,CCSBT,catch,unknown,95.141203387
ZAF,09.39,2019-01-01,2019-12-31,IOTC,UNK,SBF,NC,t,CCSBT,catch,unknown,63.925096854
ZAF,09.39,2020-01-01,2020-12-31,AT,UNK,SBF,NC,t,CCSBT,catch,unknown,103.332697809
ZAF,09.39,2020-01-01,2020-12-31,IOTC,UNK,SBF,NC,t,CCSBT,catch,unknown,20.810894146
ZAF,09.39,2021-01-01,2021-12-31,AT,UNK,SBF,NC,t,CCSBT,catch,unknown,100.084477841
ZAF,09.39,2021-01-01,2021-12-31,IOTC,UNK,SBF,NC,t,CCSBT,catch,unknown,59.808418328
ZAF,09.39,2022-01-01,2022-12-31,AT,UNK,SBF,NC,t,CCSBT,catch,unknown,86.914669495
ZAF,09.39,2022-01-01,2022-12-31,IOTC,UNK,SBF,NC,t,CCSBT,catch,unknown,77.420728797
ZAF,09.39,2023-01-01,2023-12-31,AT,UNK,SBF,NC,t,CCSBT,catch,unknown,71.939117151
ZAF,09.39,2023-01-01,2023-12-31,IOTC,UNK,SBF,NC,t,CCSBT,catch,unknown,37.279962844
ZAF,09.39,2024-01-01,2024-12-31,AT,UNK,SBF,NC,t,CCSBT,catch,unknown,166.091347515
ZAF,09.39,2024-01-01,2024-12-31,IOTC,UNK,SBF,NC,t,CCSBT,catch,unknown,77.242249952
